Week End,Show,Type,Theatre,Grosses,Attend,% Cap
11/6/2022,& JULIET,Musical,Stephen Sondheim,779402,7086,0.99
11/13/2022,& JULIET,Musical,Stephen Sondheim,916641,8098,0.99
11/20/2022,& JULIET,Musical,Stephen Sondheim,913034,8136,0.99
11/27/2022,& JULIET,Musical,Stephen Sondheim,1145571,8112,0.99
12/4/2022,& JULIET,Musical,Stephen Sondheim,1029031,7323,0.89
12/11/2022,& JULIET,Musical,Stephen Sondheim,1152409,7806,0.95
12/18/2022,& JULIET,Musical,Stephen Sondheim,1071157,7524,0.92
12/25/2022,& JULIET,Musical,Stephen Sondheim,927233,6927,0.96
9/18/2022,1776 - 2022,Musical,American Airlines,182231,1994,0.91
9/25/2022,1776 - 2022,Musical,American Airlines,342777,4273,0.84
10/2/2022,1776 - 2022,Musical,American Airlines,349151,4898,0.85
10/9/2022,1776 - 2022,Musical,American Airlines,344466,5142,0.89
10/16/2022,1776 - 2022,Musical,American Airlines,339883,4437,0.77
10/23/2022,1776 - 2022,Musical,American Airlines,355583,4481,0.77
10/30/2022,1776 - 2022,Musical,American Airlines,270867,4179,0.72
11/6/2022,1776 - 2022,Musical,American Airlines,265729,4091,0.71
11/13/2022,1776 - 2022,Musical,American Airlines,293653,4222,0.73
11/20/2022,1776 - 2022,Musical,American Airlines,268847,3817,0.66
11/27/2022,1776 - 2022,Musical,American Airlines,269865,3853,0.67
12/4/2022,1776 - 2022,Musical,American Airlines,226467,3183,0.55
12/11/2022,1776 - 2022,Musical,American Airlines,261523,3937,0.68
12/18/2022,1776 - 2022,Musical,American Airlines,212110,3584,0.71
12/25/2022,1776 - 2022,Musical,American Airlines,130242,2657,0.61
11/6/2022,A BEAUTIFUL NOISE - THE NEIL DIAMOND MUSICAL,Musical,Broadhurst,845074,5081,0.88
11/13/2022,A BEAUTIFUL NOISE - THE NEIL DIAMOND MUSICAL,Musical,Broadhurst,1136471,7273,0.9
11/20/2022,A BEAUTIFUL NOISE - THE NEIL DIAMOND MUSICAL,Musical,Broadhurst,1198403,7766,0.84
11/27/2022,A BEAUTIFUL NOISE - THE NEIL DIAMOND MUSICAL,Musical,Broadhurst,980405,6057,0.66
12/4/2022,A BEAUTIFUL NOISE - THE NEIL DIAMOND MUSICAL,Musical,Broadhurst,1011961,8401,0.91
12/11/2022,A BEAUTIFUL NOISE - THE NEIL DIAMOND MUSICAL,Musical,Broadhurst,1447503,8775,0.95
12/18/2022,A BEAUTIFUL NOISE - THE NEIL DIAMOND MUSICAL,Musical,Broadhurst,1372099,8369,0.91
12/25/2022,A BEAUTIFUL NOISE - THE NEIL DIAMOND MUSICAL,Musical,Broadhurst,788207,5351,0.66
11/13/2022,A CHRISTMAS CAROL 2022,Play,Nederlander,165804,7761,0.93
11/20/2022,A CHRISTMAS CAROL 2022,Play,Nederlander,218944,7374,0.89
11/27/2022,A CHRISTMAS CAROL 2022,Play,Nederlander,370150,5877,0.62
12/4/2022,A CHRISTMAS CAROL 2022,Play,Nederlander,553223,6454,0.68
12/11/2022,A CHRISTMAS CAROL 2022,Play,Nederlander,742010,7851,0.83
12/18/2022,A CHRISTMAS CAROL 2022,Play,Nederlander,823057,7988,0.84
12/25/2022,A CHRISTMAS CAROL 2022,Play,Nederlander,729574,5962,0.63
4/17/2022,A STRANGE LOOP,Musical,Lyceum,202403,2756,0.75
4/24/2022,A STRANGE LOOP,Musical,Lyceum,385960,5899,0.8
5/1/2022,A STRANGE LOOP,Musical,Lyceum,415276,5611,0.76
5/8/2022,A STRANGE LOOP,Musical,Lyceum,476797,4965,0.67
5/15/2022,A STRANGE LOOP,Musical,Lyceum,690668,6589,0.89
5/22/2022,A STRANGE LOOP,Musical,Lyceum,703728,6623,0.9
5/29/2022,A STRANGE LOOP,Musical,Lyceum,720553,6755,0.93
6/5/2022,A STRANGE LOOP,Musical,Lyceum,685772,6520,0.89
6/12/2022,A STRANGE LOOP,Musical,Lyceum,676316,6249,0.98
6/19/2022,A STRANGE LOOP,Musical,Lyceum,845313,7287,1
6/26/2022,A STRANGE LOOP,Musical,Lyceum,860496,7265,1
7/3/2022,A STRANGE LOOP,Musical,Lyceum,854407,7233,0.99
7/10/2022,A STRANGE LOOP,Musical,Lyceum,780492,6523,0.89
7/17/2022,A STRANGE LOOP,Musical,Lyceum,804264,6650,0.91
7/24/2022,A STRANGE LOOP,Musical,Lyceum,748235,6500,0.89
7/31/2022,A STRANGE LOOP,Musical,Lyceum,743289,6561,0.9
8/7/2022,A STRANGE LOOP,Musical,Lyceum,645832,5975,0.82
8/14/2022,A STRANGE LOOP,Musical,Lyceum,655888,6298,0.86
8/21/2022,A STRANGE LOOP,Musical,Lyceum,632057,6472,0.89
8/28/2022,A STRANGE LOOP,Musical,Lyceum,578170,5945,0.81
9/4/2022,A STRANGE LOOP,Musical,Lyceum,573891,5673,0.89
9/11/2022,A STRANGE LOOP,Musical,Lyceum,605093,6428,0.88
9/18/2022,A STRANGE LOOP,Musical,Lyceum,646423,6766,0.93
9/25/2022,A STRANGE LOOP,Musical,Lyceum,644710,6824,0.94
10/2/2022,A STRANGE LOOP,Musical,Lyceum,579354,5800,0.79
10/9/2022,A STRANGE LOOP,Musical,Lyceum,641726,6457,0.89
10/16/2022,A STRANGE LOOP,Musical,Lyceum,656750,6186,0.85
10/23/2022,A STRANGE LOOP,Musical,Lyceum,640029,6226,0.85
10/30/2022,A STRANGE LOOP,Musical,Lyceum,514676,5781,0.79
11/6/2022,A STRANGE LOOP,Musical,Lyceum,530302,5640,0.77
11/13/2022,A STRANGE LOOP,Musical,Lyceum,514415,5433,0.85
11/20/2022,A STRANGE LOOP,Musical,Lyceum,491826,5430,0.74
11/27/2022,A STRANGE LOOP,Musical,Lyceum,518857,5066,0.69
12/4/2022,A STRANGE LOOP,Musical,Lyceum,516335,5304,0.73
12/11/2022,A STRANGE LOOP,Musical,Lyceum,508238,5008,0.78
12/18/2022,A STRANGE LOOP,Musical,Lyceum,520942,5468,0.75
12/25/2022,A STRANGE LOOP,Musical,Lyceum,283086,3138,0.69
11/13/2022,AIN'T NO MO',Play,Belasco,87354,3249,0.64
11/20/2022,AIN'T NO MO',Play,Belasco,103391,4361,0.61
11/27/2022,AIN'T NO MO',Play,Belasco,125702,4652,0.57
12/4/2022,AIN'T NO MO',Play,Belasco,120901,5660,0.69
12/11/2022,AIN'T NO MO',Play,Belasco,164592,3830,0.47
12/18/2022,AIN'T NO MO',Play,Belasco,499303,7578,0.93
12/25/2022,AIN'T NO MO',Play,Belasco,765342,7007,0.98
1/9/2022,AIN'T TOO PROUD,Musical,Imperial,469646,5452,0.48
1/16/2022,AIN'T TOO PROUD,Musical,Imperial,774978,8864,0.78
1/2/2022,AIN'T TOO PROUD,Musical,Imperial,481651,4981,0.5
3/20/2022,ALADDIN,Musical,New Amsterdam,1201219,13386,0.97
3/13/2022,ALADDIN,Musical,New Amsterdam,949240,12272,0.89
2/27/2022,ALADDIN,Musical,New Amsterdam,1089626,13410,0.97
3/6/2022,ALADDIN,Musical,New Amsterdam,804969,11555,0.84
2/6/2022,ALADDIN,Musical,New Amsterdam,782912,12097,0.88
2/13/2022,ALADDIN,Musical,New Amsterdam,860716,13137,0.95
2/20/2022,ALADDIN,Musical,New Amsterdam,997952,12978,0.94
1/9/2022,ALADDIN,Musical,New Amsterdam,767129,10062,0.73
1/16/2022,ALADDIN,Musical,New Amsterdam,618812,8835,0.64
1/23/2022,ALADDIN,Musical,New Amsterdam,719383,11367,0.82
1/30/2022,ALADDIN,Musical,New Amsterdam,719745,11514,0.83
1/2/2022,ALADDIN,Musical,New Amsterdam,1229667,9508,0.92
3/27/2022,ALADDIN,Musical,New Amsterdam,1088069,12832,0.93
4/3/2022,ALADDIN,Musical,New Amsterdam,1012610,12438,0.9
4/10/2022,ALADDIN,Musical,New Amsterdam,1062406,11572,0.96
4/17/2022,ALADDIN,Musical,New Amsterdam,1737855,15049,0.97
4/24/2022,ALADDIN,Musical,New Amsterdam,1318223,13501,0.98
5/1/2022,ALADDIN,Musical,New Amsterdam,965527,12516,0.91
5/8/2022,ALADDIN,Musical,New Amsterdam,1091386,13123,0.95
5/15/2022,ALADDIN,Musical,New Amsterdam,998163,12777,0.92
5/22/2022,ALADDIN,Musical,New Amsterdam,1080377,13025,0.94
5/29/2022,ALADDIN,Musical,New Amsterdam,841177,8392,0.97
6/5/2022,ALADDIN,Musical,New Amsterdam,1188639,13207,0.96
6/12/2022,ALADDIN,Musical,New Amsterdam,1273006,13159,0.95
6/19/2022,ALADDIN,Musical,New Amsterdam,1247350,13110,0.95
6/26/2022,ALADDIN,Musical,New Amsterdam,1355330,13572,0.98
7/3/2022,ALADDIN,Musical,New Amsterdam,1379129,13536,0.98
7/10/2022,ALADDIN,Musical,New Amsterdam,1398903,13410,0.97
7/17/2022,ALADDIN,Musical,New Amsterdam,1500309,14381,0.93
7/24/2022,ALADDIN,Musical,New Amsterdam,1487466,13400,0.97
7/31/2022,ALADDIN,Musical,New Amsterdam,1544941,13497,0.98
8/7/2022,ALADDIN,Musical,New Amsterdam,1456935,13067,0.95
8/14/2022,ALADDIN,Musical,New Amsterdam,1454437,13368,0.97
8/21/2022,ALADDIN,Musical,New Amsterdam,1330755,13495,0.98
8/28/2022,ALADDIN,Musical,New Amsterdam,1111590,11544,0.84
9/4/2022,ALADDIN,Musical,New Amsterdam,1182424,12752,0.92
9/11/2022,ALADDIN,Musical,New Amsterdam,1109823,13011,0.94
9/18/2022,ALADDIN,Musical,New Amsterdam,1112983,12873,0.93
9/25/2022,ALADDIN,Musical,New Amsterdam,1156722,13013,0.94
10/2/2022,ALADDIN,Musical,New Amsterdam,1057898,13121,0.95
10/9/2022,ALADDIN,Musical,New Amsterdam,1307595,13500,0.98
10/16/2022,ALADDIN,Musical,New Amsterdam,1260113,13524,0.98
10/23/2022,ALADDIN,Musical,New Amsterdam,1212945,13125,0.95
10/30/2022,ALADDIN,Musical,New Amsterdam,1117841,12477,0.9
11/6/2022,ALADDIN,Musical,New Amsterdam,1153258,12826,0.93
11/13/2022,ALADDIN,Musical,New Amsterdam,1266831,13482,0.98
11/20/2022,ALADDIN,Musical,New Amsterdam,1175369,12536,0.91
11/27/2022,ALADDIN,Musical,New Amsterdam,1798302,13460,0.97
12/4/2022,ALADDIN,Musical,New Amsterdam,1425883,13080,0.95
12/11/2022,ALADDIN,Musical,New Amsterdam,1516343,13627,0.99
12/18/2022,ALADDIN,Musical,New Amsterdam,1522437,13159,0.95
12/25/2022,ALADDIN,Musical,New Amsterdam,1642298,11911,0.99
10/9/2022,ALMOST FAMOUS,Musical,Jacobs,695642,6479,0.9
10/16/2022,ALMOST FAMOUS,Musical,Jacobs,606780,5788,0.94
10/23/2022,ALMOST FAMOUS,Musical,Jacobs,595034,5549,0.9
10/30/2022,ALMOST FAMOUS,Musical,Jacobs,575345,6310,0.77
11/6/2022,ALMOST FAMOUS,Musical,Jacobs,641886,6673,0.81
11/13/2022,ALMOST FAMOUS,Musical,Jacobs,815750,6790,0.83
11/20/2022,ALMOST FAMOUS,Musical,Jacobs,664426,5440,0.66
11/27/2022,ALMOST FAMOUS,Musical,Jacobs,801291,5878,0.72
12/4/2022,ALMOST FAMOUS,Musical,Jacobs,734567,5927,0.72
12/11/2022,ALMOST FAMOUS,Musical,Jacobs,765060,6049,0.74
12/18/2022,ALMOST FAMOUS,Musical,Jacobs,703714,5541,0.68
12/25/2022,ALMOST FAMOUS,Musical,Jacobs,651161,5687,0.69
3/27/2022,AMERICAN BUFFALO 2022,Play,Circle In The Square,683547,5612,0.93
4/3/2022,AMERICAN BUFFALO 2022,Play,Circle In The Square,592422,5142,0.86
4/10/2022,AMERICAN BUFFALO 2022,Play,Circle In The Square,587527,5272,0.88
4/17/2022,AMERICAN BUFFALO 2022,Play,Circle In The Square,543714,5733,0.95
4/24/2022,AMERICAN BUFFALO 2022,Play,Circle In The Square,596826,5261,0.88
5/1/2022,AMERICAN BUFFALO 2022,Play,Circle In The Square,528846,4630,0.77
5/8/2022,AMERICAN BUFFALO 2022,Play,Circle In The Square,514502,4686,0.78
5/15/2022,AMERICAN BUFFALO 2022,Play,Circle In The Square,536164,4868,0.81
5/22/2022,AMERICAN BUFFALO 2022,Play,Circle In The Square,555265,4831,0.8
5/29/2022,AMERICAN BUFFALO 2022,Play,Circle In The Square,496203,4896,0.81
6/5/2022,AMERICAN BUFFALO 2022,Play,Circle In The Square,433549,4413,0.73
6/12/2022,AMERICAN BUFFALO 2022,Play,Circle In The Square,460042,4478,0.75
6/19/2022,AMERICAN BUFFALO 2022,Play,Circle In The Square,468821,4513,0.75
6/26/2022,AMERICAN BUFFALO 2022,Play,Circle In The Square,442646,4408,0.73
7/3/2022,AMERICAN BUFFALO 2022,Play,Circle In The Square,424384,4720,0.79
7/10/2022,AMERICAN BUFFALO 2022,Play,Circle In The Square,556976,5252,0.87
3/20/2022,AMERICAN UTOPIA 2021,Special,St. James,977736,8896,0.98
3/13/2022,AMERICAN UTOPIA 2021,Special,St. James,790681,7522,0.83
2/27/2022,AMERICAN UTOPIA 2021,Special,St. James,673655,7139,0.79
3/6/2022,AMERICAN UTOPIA 2021,Special,St. James,675263,6371,0.7
2/6/2022,AMERICAN UTOPIA 2021,Special,St. James,371658,4999,0.71
2/13/2022,AMERICAN UTOPIA 2021,Special,St. James,544723,6010,0.72
2/20/2022,AMERICAN UTOPIA 2021,Special,St. James,647673,6875,0.76
1/9/2022,AMERICAN UTOPIA 2021,Special,St. James,414410,3940,0.47
1/16/2022,AMERICAN UTOPIA 2021,Special,St. James,434639,4954,0.59
1/23/2022,AMERICAN UTOPIA 2021,Special,St. James,391291,5462,0.65
1/30/2022,AMERICAN UTOPIA 2021,Special,St. James,358570,5143,0.61
1/2/2022,AMERICAN UTOPIA 2021,Special,St. James,653075,5780,0.62
3/27/2022,AMERICAN UTOPIA 2021,Special,St. James,1166583,10032,0.97
4/3/2022,AMERICAN UTOPIA 2021,Special,St. James,1314017,10102,0.98
4/10/2022,BEETLEJUICE 2022,Musical,Marquis,395704,3204,1
4/17/2022,BEETLEJUICE 2022,Musical,Marquis,1457718,10729,0.96
4/24/2022,BEETLEJUICE 2022,Musical,Marquis,1368437,10338,0.81
5/1/2022,BEETLEJUICE 2022,Musical,Marquis,875739,7336,0.57
5/8/2022,BEETLEJUICE 2022,Musical,Marquis,900623,8042,0.63
5/15/2022,BEETLEJUICE 2022,Musical,Marquis,886772,8067,0.63
5/22/2022,BEETLEJUICE 2022,Musical,Marquis,903331,8118,0.63
5/29/2022,BEETLEJUICE 2022,Musical,Marquis,1067929,9174,0.72
6/5/2022,BEETLEJUICE 2022,Musical,Marquis,1019502,8894,0.69
6/12/2022,BEETLEJUICE 2022,Musical,Marquis,1160588,9870,0.77
6/19/2022,BEETLEJUICE 2022,Musical,Marquis,1197587,10194,0.8
6/26/2022,BEETLEJUICE 2022,Musical,Marquis,1231852,10427,0.81
7/3/2022,BEETLEJUICE 2022,Musical,Marquis,1074541,9388,0.73
7/10/2022,BEETLEJUICE 2022,Musical,Marquis,1056463,9055,0.71
7/17/2022,BEETLEJUICE 2022,Musical,Marquis,1115467,9432,0.74
7/24/2022,BEETLEJUICE 2022,Musical,Marquis,1001210,8447,0.75
7/31/2022,BEETLEJUICE 2022,Musical,Marquis,1125301,9837,0.77
8/7/2022,BEETLEJUICE 2022,Musical,Marquis,1092503,9393,0.73
8/14/2022,BEETLEJUICE 2022,Musical,Marquis,929211,8281,0.65
8/21/2022,BEETLEJUICE 2022,Musical,Marquis,924601,8597,0.67
8/28/2022,BEETLEJUICE 2022,Musical,Marquis,762166,7711,0.6
9/4/2022,BEETLEJUICE 2022,Musical,Marquis,930550,9050,0.71
9/11/2022,BEETLEJUICE 2022,Musical,Marquis,875626,9941,0.78
9/18/2022,BEETLEJUICE 2022,Musical,Marquis,930798,10597,0.83
9/25/2022,BEETLEJUICE 2022,Musical,Marquis,1063970,11698,0.91
10/2/2022,BEETLEJUICE 2022,Musical,Marquis,797880,7759,0.61
10/9/2022,BEETLEJUICE 2022,Musical,Marquis,1283974,10559,0.82
10/16/2022,BEETLEJUICE 2022,Musical,Marquis,1092675,9997,0.78
10/23/2022,BEETLEJUICE 2022,Musical,Marquis,1165763,10586,0.83
10/30/2022,BEETLEJUICE 2022,Musical,Marquis,1028980,9286,0.72
11/6/2022,BEETLEJUICE 2022,Musical,Marquis,1044376,9551,0.75
11/13/2022,BEETLEJUICE 2022,Musical,Marquis,1200873,10566,0.82
11/20/2022,BEETLEJUICE 2022,Musical,Marquis,1053973,8978,0.7
11/27/2022,BEETLEJUICE 2022,Musical,Marquis,1458060,10765,0.84
12/4/2022,BEETLEJUICE 2022,Musical,Marquis,1123022,10125,0.79
12/11/2022,BEETLEJUICE 2022,Musical,Marquis,1301397,11000,0.86
12/18/2022,BEETLEJUICE 2022,Musical,Marquis,1449958,11720,0.91
12/25/2022,BEETLEJUICE 2022,Musical,Marquis,1394443,10778,0.96
12/4/2022,BETWEEN RIVERSIDE AND CRAZY,Play,Hayes,117991,2797,0.81
12/11/2022,BETWEEN RIVERSIDE AND CRAZY,Play,Hayes,160076,3367,0.73
12/18/2022,BETWEEN RIVERSIDE AND CRAZY,Play,Hayes,163320,3847,0.83
12/25/2022,BETWEEN RIVERSIDE AND CRAZY,Play,Hayes,131019,3063,0.76
3/20/2022,BIRTHDAY CANDLES,Play,American Airlines,148611,2111,0.97
3/27/2022,BIRTHDAY CANDLES,Play,American Airlines,296514,4797,0.94
4/3/2022,BIRTHDAY CANDLES,Play,American Airlines,303513,5277,0.91
4/10/2022,BIRTHDAY CANDLES,Play,American Airlines,290566,5477,0.94
4/17/2022,BIRTHDAY CANDLES,Play,American Airlines,302958,5112,0.88
4/24/2022,BIRTHDAY CANDLES,Play,American Airlines,300256,4258,0.73
5/1/2022,BIRTHDAY CANDLES,Play,American Airlines,286387,3924,0.67
5/8/2022,BIRTHDAY CANDLES,Play,American Airlines,264076,3624,0.62
5/15/2022,BIRTHDAY CANDLES,Play,American Airlines,266797,3737,0.64
5/22/2022,BIRTHDAY CANDLES,Play,American Airlines,270637,3836,0.66
5/29/2022,BIRTHDAY CANDLES,Play,American Airlines,328372,4717,0.81
1/9/2022,CAROLINE OR CHANGE 2021,Musical,Studio 54,526588,6288,0.79
1/2/2022,CAROLINE OR CHANGE 2021,Musical,Studio 54,302691,4518,0.57
3/20/2022,CHICAGO,Musical,Ambassador,587788,6687,0.77
3/13/2022,CHICAGO,Musical,Ambassador,472618,5537,0.64
2/27/2022,CHICAGO,Musical,Ambassador,510161,6085,0.7
3/6/2022,CHICAGO,Musical,Ambassador,340931,4144,0.48
2/6/2022,CHICAGO,Musical,Ambassador,350835,4535,0.52
2/13/2022,CHICAGO,Musical,Ambassador,421629,5516,0.64
2/20/2022,CHICAGO,Musical,Ambassador,552055,6414,0.74
1/9/2022,CHICAGO,Musical,Ambassador,314088,3544,0.41
1/16/2022,CHICAGO,Musical,Ambassador,268456,3047,0.35
1/23/2022,CHICAGO,Musical,Ambassador,275309,3385,0.52
1/30/2022,CHICAGO,Musical,Ambassador,254384,3282,0.38
1/2/2022,CHICAGO,Musical,Ambassador,865291,7298,0.75
3/27/2022,CHICAGO,Musical,Ambassador,513025,5921,0.69
4/3/2022,CHICAGO,Musical,Ambassador,456692,5385,0.62
4/10/2022,CHICAGO,Musical,Ambassador,543119,6150,0.71
4/17/2022,CHICAGO,Musical,Ambassador,829219,8033,0.93
4/24/2022,CHICAGO,Musical,Ambassador,713877,7086,0.82
5/1/2022,CHICAGO,Musical,Ambassador,585101,6226,0.72
5/8/2022,CHICAGO,Musical,Ambassador,684274,7149,0.83
5/15/2022,CHICAGO,Musical,Ambassador,667946,6944,0.8
5/22/2022,CHICAGO,Musical,Ambassador,718800,7470,0.86
5/29/2022,CHICAGO,Musical,Ambassador,772683,7917,0.92
6/5/2022,CHICAGO,Musical,Ambassador,763452,7798,0.9
6/12/2022,CHICAGO,Musical,Ambassador,548919,6155,0.71
6/19/2022,CHICAGO,Musical,Ambassador,608328,6696,0.78
6/26/2022,CHICAGO,Musical,Ambassador,524957,5864,0.68
7/3/2022,CHICAGO,Musical,Ambassador,536434,6061,0.7
7/10/2022,CHICAGO,Musical,Ambassador,450294,5111,0.59
7/17/2022,CHICAGO,Musical,Ambassador,514341,5801,0.67
7/24/2022,CHICAGO,Musical,Ambassador,539531,6238,0.72
7/31/2022,CHICAGO,Musical,Ambassador,532648,6266,0.73
8/7/2022,CHICAGO,Musical,Ambassador,518857,6067,0.7
8/14/2022,CHICAGO,Musical,Ambassador,518254,6070,0.7
8/21/2022,CHICAGO,Musical,Ambassador,540848,6325,0.73
8/28/2022,CHICAGO,Musical,Ambassador,490696,5762,0.67
9/4/2022,CHICAGO,Musical,Ambassador,560098,6508,0.75
9/11/2022,CHICAGO,Musical,Ambassador,637202,7614,0.88
9/18/2022,CHICAGO,Musical,Ambassador,616188,7573,0.88
9/25/2022,CHICAGO,Musical,Ambassador,635113,7853,0.91
10/2/2022,CHICAGO,Musical,Ambassador,539037,6379,0.74
10/9/2022,CHICAGO,Musical,Ambassador,657391,7372,0.85
10/16/2022,CHICAGO,Musical,Ambassador,620941,7154,0.83
10/23/2022,CHICAGO,Musical,Ambassador,598402,6928,0.8
10/30/2022,CHICAGO,Musical,Ambassador,494636,5902,0.68
11/6/2022,CHICAGO,Musical,Ambassador,513980,6083,0.7
11/13/2022,CHICAGO,Musical,Ambassador,629621,7058,0.82
11/20/2022,CHICAGO,Musical,Ambassador,525004,6049,0.7
11/27/2022,CHICAGO,Musical,Ambassador,754466,7887,0.91
12/4/2022,CHICAGO,Musical,Ambassador,612455,6802,0.79
12/11/2022,CHICAGO,Musical,Ambassador,699181,7698,0.89
12/18/2022,CHICAGO,Musical,Ambassador,700320,7611,0.88
12/25/2022,CHICAGO,Musical,Ambassador,721865,7076,0.94
1/9/2022,CLYDE'S,Play,Hayes,149408,2911,0.62
1/16/2022,CLYDE'S,Play,Hayes,230503,4140,0.88
1/2/2022,CLYDE'S,Play,Hayes,136134,2482,0.61
3/20/2022,COME FROM AWAY,Musical,Schoenfeld,620294,7061,0.84
3/13/2022,COME FROM AWAY,Musical,Schoenfeld,504156,5688,0.68
2/27/2022,COME FROM AWAY,Musical,Schoenfeld,539864,6841,0.82
3/6/2022,COME FROM AWAY,Musical,Schoenfeld,387694,4831,0.58
2/6/2022,COME FROM AWAY,Musical,Schoenfeld,413463,5449,0.65
2/13/2022,COME FROM AWAY,Musical,Schoenfeld,439629,5630,0.67
2/20/2022,COME FROM AWAY,Musical,Schoenfeld,579564,6634,0.79
1/9/2022,COME FROM AWAY,Musical,Schoenfeld,189428,1770,0.42
1/16/2022,COME FROM AWAY,Musical,Schoenfeld,310848,3985,0.48
1/23/2022,COME FROM AWAY,Musical,Schoenfeld,325470,5096,0.61
1/30/2022,COME FROM AWAY,Musical,Schoenfeld,314922,5098,0.61
1/2/2022,COME FROM AWAY,Musical,Schoenfeld,452254,3419,0.65
3/27/2022,COME FROM AWAY,Musical,Schoenfeld,623207,6593,0.79
4/3/2022,COME FROM AWAY,Musical,Schoenfeld,529314,5719,0.68
4/10/2022,COME FROM AWAY,Musical,Schoenfeld,601722,6545,0.78
4/17/2022,COME FROM AWAY,Musical,Schoenfeld,588164,6687,0.8
4/24/2022,COME FROM AWAY,Musical,Schoenfeld,568442,6336,0.76
5/1/2022,COME FROM AWAY,Musical,Schoenfeld,446094,5102,0.61
5/8/2022,COME FROM AWAY,Musical,Schoenfeld,473307,4926,0.59
5/15/2022,COME FROM AWAY,Musical,Schoenfeld,468509,5048,0.6
5/22/2022,COME FROM AWAY,Musical,Schoenfeld,480470,5070,0.61
5/29/2022,COME FROM AWAY,Musical,Schoenfeld,459656,5285,0.63
6/5/2022,COME FROM AWAY,Musical,Schoenfeld,461760,5326,0.64
6/12/2022,COME FROM AWAY,Musical,Schoenfeld,592764,6425,0.77
6/19/2022,COME FROM AWAY,Musical,Schoenfeld,552033,6519,0.78
6/26/2022,COME FROM AWAY,Musical,Schoenfeld,545263,6110,0.83
7/3/2022,COME FROM AWAY,Musical,Schoenfeld,496142,6480,0.77
7/10/2022,COME FROM AWAY,Musical,Schoenfeld,471649,5751,0.69
7/17/2022,COME FROM AWAY,Musical,Schoenfeld,540979,6393,0.76
7/24/2022,COME FROM AWAY,Musical,Schoenfeld,568572,6716,0.8
7/31/2022,COME FROM AWAY,Musical,Schoenfeld,598061,7021,0.84
8/7/2022,COME FROM AWAY,Musical,Schoenfeld,616937,7100,0.85
8/14/2022,COME FROM AWAY,Musical,Schoenfeld,567547,6680,0.8
8/21/2022,COME FROM AWAY,Musical,Schoenfeld,636114,7334,0.88
8/28/2022,COME FROM AWAY,Musical,Schoenfeld,600415,6843,0.82
9/4/2022,COME FROM AWAY,Musical,Schoenfeld,674986,7367,0.88
9/11/2022,COME FROM AWAY,Musical,Schoenfeld,781173,8249,0.99
9/18/2022,COME FROM AWAY,Musical,Schoenfeld,860016,8411,1.01
9/25/2022,COME FROM AWAY,Musical,Schoenfeld,943561,8419,1.01
10/2/2022,COME FROM AWAY,Musical,Schoenfeld,1046554,8524,1.02
3/20/2022,COMPANY 2021,Musical,Jacobs,889140,7833,0.94
3/13/2022,COMPANY 2021,Musical,Jacobs,830324,7495,0.9
2/27/2022,COMPANY 2021,Musical,Jacobs,792061,7619,0.91
3/6/2022,COMPANY 2021,Musical,Jacobs,514999,5227,0.62
2/6/2022,COMPANY 2021,Musical,Jacobs,750824,7567,0.9
2/13/2022,COMPANY 2021,Musical,Jacobs,804798,7900,0.94
2/20/2022,COMPANY 2021,Musical,Jacobs,851274,7597,0.91
1/9/2022,COMPANY 2021,Musical,Jacobs,738310,5759,0.69
1/16/2022,COMPANY 2021,Musical,Jacobs,866806,6979,0.83
1/23/2022,COMPANY 2021,Musical,Jacobs,816949,7251,0.87
1/30/2022,COMPANY 2021,Musical,Jacobs,737168,6969,0.83
1/2/2022,COMPANY 2021,Musical,Jacobs,1007976,7223,0.86
3/27/2022,COMPANY 2021,Musical,Jacobs,887746,7258,0.87
4/3/2022,COMPANY 2021,Musical,Jacobs,757062,6835,0.82
4/10/2022,COMPANY 2021,Musical,Jacobs,808938,7225,0.86
4/17/2022,COMPANY 2021,Musical,Jacobs,691728,6310,0.75
4/24/2022,COMPANY 2021,Musical,Jacobs,672599,5946,0.71
5/1/2022,COMPANY 2021,Musical,Jacobs,660223,5551,0.66
5/8/2022,COMPANY 2021,Musical,Jacobs,617117,5563,0.66
5/15/2022,COMPANY 2021,Musical,Jacobs,719968,7024,0.84
5/22/2022,COMPANY 2021,Musical,Jacobs,726010,6392,0.76
5/29/2022,COMPANY 2021,Musical,Jacobs,684510,6261,0.75
6/5/2022,COMPANY 2021,Musical,Jacobs,582979,5486,0.66
6/12/2022,COMPANY 2021,Musical,Jacobs,640297,6195,0.74
6/19/2022,COMPANY 2021,Musical,Jacobs,727178,6450,0.77
6/26/2022,COMPANY 2021,Musical,Jacobs,823686,7172,0.86
7/3/2022,COMPANY 2021,Musical,Jacobs,758452,7099,0.85
7/10/2022,COMPANY 2021,Musical,Jacobs,759374,7107,0.85
7/17/2022,COMPANY 2021,Musical,Jacobs,904602,7902,0.94
7/24/2022,COMPANY 2021,Musical,Jacobs,1014883,8309,0.99
7/31/2022,COMPANY 2021,Musical,Jacobs,1194544,8550,1.02
9/18/2022,COST OF LIVING,Play,Friedman,120787,2977,0.79
9/25/2022,COST OF LIVING,Play,Friedman,137796,3613,0.83
10/2/2022,COST OF LIVING,Play,Friedman,139968,4210,0.84
10/9/2022,COST OF LIVING,Play,Friedman,168683,4021,0.8
10/16/2022,COST OF LIVING,Play,Friedman,224121,3082,0.62
10/23/2022,COST OF LIVING,Play,Friedman,261508,3455,0.69
10/30/2022,COST OF LIVING,Play,Friedman,263193,3797,0.76
11/6/2022,COST OF LIVING,Play,Friedman,239420,3736,0.75
3/20/2022,DEAR EVAN HANSEN,Musical,Music Box,814752,6870,0.87
3/13/2022,DEAR EVAN HANSEN,Musical,Music Box,694611,6417,0.82
2/27/2022,DEAR EVAN HANSEN,Musical,Music Box,780589,7534,0.96
3/6/2022,DEAR EVAN HANSEN,Musical,Music Box,536236,5469,0.69
2/6/2022,DEAR EVAN HANSEN,Musical,Music Box,587031,5674,0.82
2/13/2022,DEAR EVAN HANSEN,Musical,Music Box,671393,6646,0.84
2/20/2022,DEAR EVAN HANSEN,Musical,Music Box,799251,7143,0.91
1/9/2022,DEAR EVAN HANSEN,Musical,Music Box,657407,5306,0.77
1/16/2022,DEAR EVAN HANSEN,Musical,Music Box,669696,5371,0.78
1/23/2022,DEAR EVAN HANSEN,Musical,Music Box,630470,5407,0.78
1/30/2022,DEAR EVAN HANSEN,Musical,Music Box,511760,4775,0.69
1/2/2022,DEAR EVAN HANSEN,Musical,Music Box,1328367,8192,0.93
3/27/2022,DEAR EVAN HANSEN,Musical,Music Box,749175,6399,0.81
4/3/2022,DEAR EVAN HANSEN,Musical,Music Box,637474,5686,0.72
4/10/2022,DEAR EVAN HANSEN,Musical,Music Box,748422,6637,0.84
4/17/2022,DEAR EVAN HANSEN,Musical,Music Box,758578,6662,0.85
4/24/2022,DEAR EVAN HANSEN,Musical,Music Box,691174,6358,0.81
5/1/2022,DEAR EVAN HANSEN,Musical,Music Box,474608,5067,0.64
5/8/2022,DEAR EVAN HANSEN,Musical,Music Box,489005,5395,0.69
5/15/2022,DEAR EVAN HANSEN,Musical,Music Box,522764,5834,0.74
5/22/2022,DEAR EVAN HANSEN,Musical,Music Box,547244,5722,0.73
5/29/2022,DEAR EVAN HANSEN,Musical,Music Box,588371,6229,0.79
6/5/2022,DEAR EVAN HANSEN,Musical,Music Box,508455,5473,0.7
6/12/2022,DEAR EVAN HANSEN,Musical,Music Box,587267,6193,0.79
6/19/2022,DEAR EVAN HANSEN,Musical,Music Box,600482,6689,0.85
6/26/2022,DEAR EVAN HANSEN,Musical,Music Box,636061,6713,0.85
7/3/2022,DEAR EVAN HANSEN,Musical,Music Box,619214,7095,0.9
7/10/2022,DEAR EVAN HANSEN,Musical,Music Box,563315,6423,0.82
7/17/2022,DEAR EVAN HANSEN,Musical,Music Box,618260,6782,0.86
7/24/2022,DEAR EVAN HANSEN,Musical,Music Box,884178,7816,0.99
7/31/2022,DEAR EVAN HANSEN,Musical,Music Box,881680,7871,1
8/7/2022,DEAR EVAN HANSEN,Musical,Music Box,915655,7959,1.01
8/14/2022,DEAR EVAN HANSEN,Musical,Music Box,961787,7947,1.01
8/21/2022,DEAR EVAN HANSEN,Musical,Music Box,723650,5979,1.01
8/28/2022,DEAR EVAN HANSEN,Musical,Music Box,1040948,7932,1.01
9/4/2022,DEAR EVAN HANSEN,Musical,Music Box,1068823,7953,1.01
9/11/2022,DEAR EVAN HANSEN,Musical,Music Box,1050167,7880,1
9/18/2022,DEAR EVAN HANSEN,Musical,Music Box,1251593,7916,1.01
9/18/2022,DEATH OF A SALESMAN 2022,Play,Hudson,93114,956,0.98
9/25/2022,DEATH OF A SALESMAN 2022,Play,Hudson,413428,4765,0.81
10/2/2022,DEATH OF A SALESMAN 2022,Play,Hudson,438298,5703,0.73
10/9/2022,DEATH OF A SALESMAN 2022,Play,Hudson,401451,7028,0.9
10/16/2022,DEATH OF A SALESMAN 2022,Play,Hudson,512979,6159,0.79
10/23/2022,DEATH OF A SALESMAN 2022,Play,Hudson,557416,5560,0.71
10/30/2022,DEATH OF A SALESMAN 2022,Play,Hudson,471538,5060,0.65
11/6/2022,DEATH OF A SALESMAN 2022,Play,Hudson,485826,5110,0.66
11/13/2022,DEATH OF A SALESMAN 2022,Play,Hudson,557192,5731,0.73
11/20/2022,DEATH OF A SALESMAN 2022,Play,Hudson,485822,5162,0.66
11/27/2022,DEATH OF A SALESMAN 2022,Play,Hudson,462991,5083,0.65
12/4/2022,DEATH OF A SALESMAN 2022,Play,Hudson,458874,5086,0.65
12/11/2022,DEATH OF A SALESMAN 2022,Play,Hudson,481111,5496,0.7
12/18/2022,DEATH OF A SALESMAN 2022,Play,Hudson,455422,5443,0.7
12/25/2022,DEATH OF A SALESMAN 2022,Play,Hudson,330890,4454,0.65
1/9/2022,FLYING OVER SUNSET,Musical,Vivian Beaumont,135267,3206,0.38
1/16/2022,FLYING OVER SUNSET,Musical,Vivian Beaumont,234059,6127,0.72
1/2/2022,FLYING OVER SUNSET,Musical,Vivian Beaumont,123054,2258,0.26
4/3/2022,FOR COLORED GIRLS WHO HAVE CONSIDERED SUICIDE / WHEN THE RAINBOW IS ENUF,Play,Booth,101052,1710,0.74
4/10/2022,FOR COLORED GIRLS WHO HAVE CONSIDERED SUICIDE / WHEN THE RAINBOW IS ENUF,Play,Booth,166647,3610,0.67
4/17/2022,FOR COLORED GIRLS WHO HAVE CONSIDERED SUICIDE / WHEN THE RAINBOW IS ENUF,Play,Booth,130359,3771,0.61
4/24/2022,FOR COLORED GIRLS WHO HAVE CONSIDERED SUICIDE / WHEN THE RAINBOW IS ENUF,Play,Booth,144377,3828,0.62
5/1/2022,FOR COLORED GIRLS WHO HAVE CONSIDERED SUICIDE / WHEN THE RAINBOW IS ENUF,Play,Booth,250175,3149,0.51
5/8/2022,FOR COLORED GIRLS WHO HAVE CONSIDERED SUICIDE / WHEN THE RAINBOW IS ENUF,Play,Booth,159093,2421,0.39
5/15/2022,FOR COLORED GIRLS WHO HAVE CONSIDERED SUICIDE / WHEN THE RAINBOW IS ENUF,Play,Booth,249354,4061,0.66
5/22/2022,FOR COLORED GIRLS WHO HAVE CONSIDERED SUICIDE / WHEN THE RAINBOW IS ENUF,Play,Booth,339177,4443,0.72
5/29/2022,FOR COLORED GIRLS WHO HAVE CONSIDERED SUICIDE / WHEN THE RAINBOW IS ENUF,Play,Booth,226307,3230,0.52
6/5/2022,FOR COLORED GIRLS WHO HAVE CONSIDERED SUICIDE / WHEN THE RAINBOW IS ENUF,Play,Booth,300666,4354,0.7
1/2/2022,FREESTYLE LOVE SUPREME 2021,Special,Booth,412938,4150,0.68
3/27/2022,FUNNY GIRL 2022,Musical,August Wilson,200793,1224,1
4/3/2022,FUNNY GIRL 2022,Musical,August Wilson,1263178,8546,1
4/10/2022,FUNNY GIRL 2022,Musical,August Wilson,1262828,8564,1
4/17/2022,FUNNY GIRL 2022,Musical,August Wilson,1415086,9760,1
4/24/2022,FUNNY GIRL 2022,Musical,August Wilson,1147648,9790,1
5/1/2022,FUNNY GIRL 2022,Musical,August Wilson,1116473,9456,0.97
5/8/2022,FUNNY GIRL 2022,Musical,August Wilson,1382856,9512,0.98
5/15/2022,FUNNY GIRL 2022,Musical,August Wilson,1316457,9624,0.99
5/22/2022,FUNNY GIRL 2022,Musical,August Wilson,1319772,9537,0.98
5/29/2022,FUNNY GIRL 2022,Musical,August Wilson,1261615,9255,0.95
6/5/2022,FUNNY GIRL 2022,Musical,August Wilson,1178027,8554,0.88
6/12/2022,FUNNY GIRL 2022,Musical,August Wilson,1116695,8379,0.86
6/19/2022,FUNNY GIRL 2022,Musical,August Wilson,1131490,8291,0.85
6/26/2022,FUNNY GIRL 2022,Musical,August Wilson,1071618,8327,0.85
7/3/2022,FUNNY GIRL 2022,Musical,August Wilson,743213,7298,0.75
7/10/2022,FUNNY GIRL 2022,Musical,August Wilson,708862,6384,0.65
7/17/2022,FUNNY GIRL 2022,Musical,August Wilson,785105,7110,0.73
7/24/2022,FUNNY GIRL 2022,Musical,August Wilson,799725,7055,0.72
7/31/2022,FUNNY GIRL 2022,Musical,August Wilson,765670,6943,0.71
8/7/2022,FUNNY GIRL 2022,Musical,August Wilson,582269,7371,0.76
8/14/2022,FUNNY GIRL 2022,Musical,August Wilson,627954,7186,0.74
8/21/2022,FUNNY GIRL 2022,Musical,August Wilson,588032,7222,0.74
8/28/2022,FUNNY GIRL 2022,Musical,August Wilson,573147,6890,0.71
9/4/2022,FUNNY GIRL 2022,Musical,August Wilson,659874,7704,0.79
9/11/2022,FUNNY GIRL 2022,Musical,August Wilson,1639212,9343,0.96
9/18/2022,FUNNY GIRL 2022,Musical,August Wilson,1136518,8225,0.84
9/25/2022,FUNNY GIRL 2022,Musical,August Wilson,1640370,9579,0.98
10/2/2022,FUNNY GIRL 2022,Musical,August Wilson,1638929,9693,0.99
10/9/2022,FUNNY GIRL 2022,Musical,August Wilson,1682727,9734,1
10/16/2022,FUNNY GIRL 2022,Musical,August Wilson,1696356,9787,1
10/23/2022,FUNNY GIRL 2022,Musical,August Wilson,1723800,9769,1
10/30/2022,FUNNY GIRL 2022,Musical,August Wilson,1635860,9594,0.98
11/6/2022,FUNNY GIRL 2022,Musical,August Wilson,1696277,9576,0.98
11/13/2022,FUNNY GIRL 2022,Musical,August Wilson,1640222,9485,0.97
11/20/2022,FUNNY GIRL 2022,Musical,August Wilson,1654724,9526,0.98
11/27/2022,FUNNY GIRL 2022,Musical,August Wilson,1885104,9000,0.92
12/4/2022,FUNNY GIRL 2022,Musical,August Wilson,1730036,9654,0.99
12/11/2022,FUNNY GIRL 2022,Musical,August Wilson,1892378,9755,1
12/18/2022,FUNNY GIRL 2022,Musical,August Wilson,2005697,9404,0.96
12/25/2022,FUNNY GIRL 2022,Musical,August Wilson,1895185,8501,1
1/9/2022,GIRL FROM THE NORTH COUNTRY,Musical,Belasco,107073,1499,0.19
1/16/2022,GIRL FROM THE NORTH COUNTRY,Musical,Belasco,134543,2527,0.32
1/23/2022,GIRL FROM THE NORTH COUNTRY,Musical,Belasco,260980,4171,0.52
1/2/2022,GIRL FROM THE NORTH COUNTRY,Musical,Belasco,182007,2393,0.27
5/1/2022,GIRL FROM THE NORTH COUNTRY 2022,Musical,Belasco,131957,1683,0.56
5/8/2022,GIRL FROM THE NORTH COUNTRY 2022,Musical,Belasco,274782,3341,0.52
5/15/2022,GIRL FROM THE NORTH COUNTRY 2022,Musical,Belasco,289305,3941,0.62
5/22/2022,GIRL FROM THE NORTH COUNTRY 2022,Musical,Belasco,304809,3605,0.56
5/29/2022,GIRL FROM THE NORTH COUNTRY 2022,Musical,Belasco,307358,3690,0.58
6/5/2022,GIRL FROM THE NORTH COUNTRY 2022,Musical,Belasco,308134,3544,0.56
6/12/2022,GIRL FROM THE NORTH COUNTRY 2022,Musical,Belasco,274734,3582,0.64
6/19/2022,GIRL FROM THE NORTH COUNTRY 2022,Musical,Belasco,342228,4629,0.73
3/20/2022,HADESTOWN,Musical,Walter Kerr,1104678,7428,1.01
3/13/2022,HADESTOWN,Musical,Walter Kerr,590660,4626,1.01
2/27/2022,HADESTOWN,Musical,Walter Kerr,904873,7364,1
3/6/2022,HADESTOWN,Musical,Walter Kerr,823016,7234,0.99
2/6/2022,HADESTOWN,Musical,Walter Kerr,723006,7104,0.97
2/13/2022,HADESTOWN,Musical,Walter Kerr,766617,7222,0.98
2/20/2022,HADESTOWN,Musical,Walter Kerr,946135,7395,1.01
1/9/2022,HADESTOWN,Musical,Walter Kerr,801649,6461,0.88
1/16/2022,HADESTOWN,Musical,Walter Kerr,796093,7005,0.95
1/23/2022,HADESTOWN,Musical,Walter Kerr,704446,6949,0.95
1/30/2022,HADESTOWN,Musical,Walter Kerr,683630,6889,0.94
1/2/2022,HADESTOWN,Musical,Walter Kerr,942084,5449,0.99
3/27/2022,HADESTOWN,Musical,Walter Kerr,1108182,7385,1.01
4/3/2022,HADESTOWN,Musical,Walter Kerr,1050687,7334,1
4/10/2022,HADESTOWN,Musical,Walter Kerr,1054287,7347,1
4/17/2022,HADESTOWN,Musical,Walter Kerr,1044339,7304,0.99
4/24/2022,HADESTOWN,Musical,Walter Kerr,1013272,7347,1
5/1/2022,HADESTOWN,Musical,Walter Kerr,851687,7004,0.95
5/8/2022,HADESTOWN,Musical,Walter Kerr,856529,7209,0.98
5/15/2022,HADESTOWN,Musical,Walter Kerr,943569,7314,1
5/22/2022,HADESTOWN,Musical,Walter Kerr,1040274,7398,1.01
5/29/2022,HADESTOWN,Musical,Walter Kerr,1170870,7374,1
6/5/2022,HADESTOWN,Musical,Walter Kerr,846939,7146,0.97
6/12/2022,HADESTOWN,Musical,Walter Kerr,878293,7243,0.99
6/19/2022,HADESTOWN,Musical,Walter Kerr,884607,7315,1
6/26/2022,HADESTOWN,Musical,Walter Kerr,867036,7286,0.99
7/3/2022,HADESTOWN,Musical,Walter Kerr,801233,7208,0.98
7/10/2022,HADESTOWN,Musical,Walter Kerr,737834,6979,0.95
7/17/2022,HADESTOWN,Musical,Walter Kerr,804495,7155,0.97
7/24/2022,HADESTOWN,Musical,Walter Kerr,793423,7275,0.99
7/31/2022,HADESTOWN,Musical,Walter Kerr,759539,7228,0.98
8/7/2022,HADESTOWN,Musical,Walter Kerr,761461,7103,0.97
8/14/2022,HADESTOWN,Musical,Walter Kerr,731664,7035,0.96
8/21/2022,HADESTOWN,Musical,Walter Kerr,695969,7255,0.99
8/28/2022,HADESTOWN,Musical,Walter Kerr,680892,7023,0.96
9/4/2022,HADESTOWN,Musical,Walter Kerr,702190,6956,0.95
9/11/2022,HADESTOWN,Musical,Walter Kerr,729100,7245,0.99
9/18/2022,HADESTOWN,Musical,Walter Kerr,756143,7324,1
9/25/2022,HADESTOWN,Musical,Walter Kerr,764005,7298,0.99
10/2/2022,HADESTOWN,Musical,Walter Kerr,659214,7210,0.98
10/9/2022,HADESTOWN,Musical,Walter Kerr,848931,7179,0.98
10/16/2022,HADESTOWN,Musical,Walter Kerr,783976,7066,0.96
10/23/2022,HADESTOWN,Musical,Walter Kerr,779680,7145,0.97
10/30/2022,HADESTOWN,Musical,Walter Kerr,632931,6745,0.92
11/6/2022,HADESTOWN,Musical,Walter Kerr,698451,6848,0.93
11/13/2022,HADESTOWN,Musical,Walter Kerr,791240,7237,0.99
11/20/2022,HADESTOWN,Musical,Walter Kerr,689892,6978,0.95
11/27/2022,HADESTOWN,Musical,Walter Kerr,993881,7180,0.98
12/4/2022,HADESTOWN,Musical,Walter Kerr,725169,6897,0.94
12/11/2022,HADESTOWN,Musical,Walter Kerr,797708,7152,0.97
12/18/2022,HADESTOWN,Musical,Walter Kerr,847113,7331,1
12/25/2022,HADESTOWN,Musical,Walter Kerr,760630,6463,1.01
3/20/2022,HAMILTON,Musical,Richard Rodgers,2272219,10667,1.01
3/13/2022,HAMILTON,Musical,Richard Rodgers,2121711,10462,0.99
2/27/2022,HAMILTON,Musical,Richard Rodgers,2273965,10617,1
3/6/2022,HAMILTON,Musical,Richard Rodgers,1957383,9621,0.91
2/6/2022,HAMILTON,Musical,Richard Rodgers,1723288,8431,0.8
2/13/2022,HAMILTON,Musical,Richard Rodgers,1826363,9084,0.86
2/20/2022,HAMILTON,Musical,Richard Rodgers,1999550,9964,0.94
1/9/2022,HAMILTON,Musical,Richard Rodgers,2121978,9546,0.9
1/16/2022,HAMILTON,Musical,Richard Rodgers,2098977,9499,0.9
1/23/2022,HAMILTON,Musical,Richard Rodgers,1967657,9151,0.86
1/30/2022,HAMILTON,Musical,Richard Rodgers,1769854,8285,0.78
1/2/2022,HAMILTON,Musical,Richard Rodgers,2594729,9137,0.99
3/27/2022,HAMILTON,Musical,Richard Rodgers,2235879,10559,1
4/3/2022,HAMILTON,Musical,Richard Rodgers,2285159,10595,1
4/10/2022,HAMILTON,Musical,Richard Rodgers,2224849,10623,1
4/17/2022,HAMILTON,Musical,Richard Rodgers,2453319,10638,1
4/24/2022,HAMILTON,Musical,Richard Rodgers,2445193,10611,1
5/1/2022,HAMILTON,Musical,Richard Rodgers,2091733,9653,0.91
5/8/2022,HAMILTON,Musical,Richard Rodgers,2103020,10012,0.95
5/15/2022,HAMILTON,Musical,Richard Rodgers,2053252,10228,0.97
5/22/2022,HAMILTON,Musical,Richard Rodgers,2266325,10170,0.96
5/29/2022,HAMILTON,Musical,Richard Rodgers,2322989,10433,0.98
6/5/2022,HAMILTON,Musical,Richard Rodgers,2191718,10591,1
6/12/2022,HAMILTON,Musical,Richard Rodgers,2190665,10241,0.97
6/19/2022,HAMILTON,Musical,Richard Rodgers,2230433,10446,0.99
6/26/2022,HAMILTON,Musical,Richard Rodgers,2273932,10581,1
7/3/2022,HAMILTON,Musical,Richard Rodgers,2152841,10656,1.01
7/10/2022,HAMILTON,Musical,Richard Rodgers,2224553,10537,0.99
7/17/2022,HAMILTON,Musical,Richard Rodgers,2255343,10658,1.01
7/24/2022,HAMILTON,Musical,Richard Rodgers,2250557,10645,1.01
7/31/2022,HAMILTON,Musical,Richard Rodgers,2246748,10662,1.01
8/7/2022,HAMILTON,Musical,Richard Rodgers,2219057,10713,1.01
8/14/2022,HAMILTON,Musical,Richard Rodgers,2194094,10590,1
8/21/2022,HAMILTON,Musical,Richard Rodgers,2198662,10622,1
8/28/2022,HAMILTON,Musical,Richard Rodgers,2072969,9982,0.94
9/4/2022,HAMILTON,Musical,Richard Rodgers,2106039,9939,0.94
9/11/2022,HAMILTON,Musical,Richard Rodgers,1884105,9536,0.9
9/18/2022,HAMILTON,Musical,Richard Rodgers,1908151,9542,0.9
9/25/2022,HAMILTON,Musical,Richard Rodgers,1915328,9541,0.9
10/2/2022,HAMILTON,Musical,Richard Rodgers,1912861,9514,0.9
10/9/2022,HAMILTON,Musical,Richard Rodgers,2158774,10237,0.97
10/16/2022,HAMILTON,Musical,Richard Rodgers,2051552,10660,1.01
10/23/2022,HAMILTON,Musical,Richard Rodgers,2041455,10492,0.99
10/30/2022,HAMILTON,Musical,Richard Rodgers,1947852,9822,0.93
11/6/2022,HAMILTON,Musical,Richard Rodgers,1963828,9640,0.91
11/13/2022,HAMILTON,Musical,Richard Rodgers,2039929,10540,1
11/20/2022,HAMILTON,Musical,Richard Rodgers,1925304,10043,0.95
11/27/2022,HAMILTON,Musical,Richard Rodgers,2613656,10394,0.98
12/4/2022,HAMILTON,Musical,Richard Rodgers,2083446,10106,0.95
12/11/2022,HAMILTON,Musical,Richard Rodgers,2077730,10683,1.01
12/18/2022,HAMILTON,Musical,Richard Rodgers,2255421,10625,1
12/25/2022,HAMILTON,Musical,Richard Rodgers,2656102,10691,1.01
4/10/2022,HANGMEN 2022,Play,Golden,88845,1276,0.8
4/17/2022,HANGMEN 2022,Play,Golden,209195,3354,0.7
4/24/2022,HANGMEN 2022,Play,Golden,252435,4764,0.74
5/1/2022,HANGMEN 2022,Play,Golden,294033,3567,0.56
5/8/2022,HANGMEN 2022,Play,Golden,252543,2601,0.41
5/15/2022,HANGMEN 2022,Play,Golden,288436,3062,0.48
5/22/2022,HANGMEN 2022,Play,Golden,306868,3129,0.49
5/29/2022,HANGMEN 2022,Play,Golden,287451,2967,0.46
6/5/2022,HANGMEN 2022,Play,Golden,257199,2796,0.44
6/12/2022,HANGMEN 2022,Play,Golden,293491,3196,0.5
6/19/2022,HANGMEN 2022,Play,Golden,358976,3784,0.59
3/20/2022,HARRY POTTER AND THE CURSED CHILD,Play,Lyric,1704152,12031,0.93
3/13/2022,HARRY POTTER AND THE CURSED CHILD,Play,Lyric,1346849,11134,0.86
2/27/2022,HARRY POTTER AND THE CURSED CHILD,Play,Lyric,1571069,12505,0.99
3/6/2022,HARRY POTTER AND THE CURSED CHILD,Play,Lyric,1180297,10256,0.81
2/6/2022,HARRY POTTER AND THE CURSED CHILD,Play,Lyric,1232538,10663,0.92
2/13/2022,HARRY POTTER AND THE CURSED CHILD,Play,Lyric,1299885,11669,0.92
2/20/2022,HARRY POTTER AND THE CURSED CHILD,Play,Lyric,1582039,12316,0.97
1/9/2022,HARRY POTTER AND THE CURSED CHILD,Play,Lyric,1310315,9676,0.83
1/16/2022,HARRY POTTER AND THE CURSED CHILD,Play,Lyric,1327275,10376,0.89
1/23/2022,HARRY POTTER AND THE CURSED CHILD,Play,Lyric,1199909,10778,0.93
1/30/2022,HARRY POTTER AND THE CURSED CHILD,Play,Lyric,1124473,10561,0.91
1/2/2022,HARRY POTTER AND THE CURSED CHILD,Play,Lyric,1890582,9556,0.98
3/27/2022,HARRY POTTER AND THE CURSED CHILD,Play,Lyric,1513894,11191,0.86
4/3/2022,HARRY POTTER AND THE CURSED CHILD,Play,Lyric,1394380,10937,0.84
4/10/2022,HARRY POTTER AND THE CURSED CHILD,Play,Lyric,1615922,11817,0.91
4/17/2022,HARRY POTTER AND THE CURSED CHILD,Play,Lyric,1964665,12818,0.99
4/24/2022,HARRY POTTER AND THE CURSED CHILD,Play,Lyric,1684210,11711,0.9
5/1/2022,HARRY POTTER AND THE CURSED CHILD,Play,Lyric,1095952,9183,0.71
5/8/2022,HARRY POTTER AND THE CURSED CHILD,Play,Lyric,1177921,10466,0.81
5/15/2022,HARRY POTTER AND THE CURSED CHILD,Play,Lyric,1163099,10228,0.79
5/22/2022,HARRY POTTER AND THE CURSED CHILD,Play,Lyric,1332545,11392,0.88
5/29/2022,HARRY POTTER AND THE CURSED CHILD,Play,Lyric,1586565,12551,0.97
6/5/2022,HARRY POTTER AND THE CURSED CHILD,Play,Lyric,1331192,11382,0.88
6/12/2022,HARRY POTTER AND THE CURSED CHILD,Play,Lyric,1481217,12003,0.93
6/19/2022,HARRY POTTER AND THE CURSED CHILD,Play,Lyric,1522848,12258,0.94
6/26/2022,HARRY POTTER AND THE CURSED CHILD,Play,Lyric,1572901,12493,0.96
7/3/2022,HARRY POTTER AND THE CURSED CHILD,Play,Lyric,1493705,12915,1
7/10/2022,HARRY POTTER AND THE CURSED CHILD,Play,Lyric,1512258,12397,0.96
7/17/2022,HARRY POTTER AND THE CURSED CHILD,Play,Lyric,1577440,12557,0.97
7/24/2022,HARRY POTTER AND THE CURSED CHILD,Play,Lyric,1578301,12650,0.97
7/31/2022,HARRY POTTER AND THE CURSED CHILD,Play,Lyric,1610512,12606,0.97
8/7/2022,HARRY POTTER AND THE CURSED CHILD,Play,Lyric,1573920,12177,0.94
8/14/2022,HARRY POTTER AND THE CURSED CHILD,Play,Lyric,1454633,11674,0.9
8/21/2022,HARRY POTTER AND THE CURSED CHILD,Play,Lyric,1426704,11632,0.9
8/28/2022,HARRY POTTER AND THE CURSED CHILD,Play,Lyric,1291528,10896,0.84
9/4/2022,HARRY POTTER AND THE CURSED CHILD,Play,Lyric,1432271,11279,0.87
9/11/2022,HARRY POTTER AND THE CURSED CHILD,Play,Lyric,1163167,11085,0.85
9/18/2022,HARRY POTTER AND THE CURSED CHILD,Play,Lyric,1181932,11473,0.88
9/25/2022,HARRY POTTER AND THE CURSED CHILD,Play,Lyric,1260296,11943,0.92
10/2/2022,HARRY POTTER AND THE CURSED CHILD,Play,Lyric,1080493,10503,0.83
10/9/2022,HARRY POTTER AND THE CURSED CHILD,Play,Lyric,1469837,12140,0.94
10/16/2022,HARRY POTTER AND THE CURSED CHILD,Play,Lyric,1243611,11163,0.88
10/23/2022,HARRY POTTER AND THE CURSED CHILD,Play,Lyric,1201995,10921,0.86
10/30/2022,HARRY POTTER AND THE CURSED CHILD,Play,Lyric,1104999,10666,0.84
11/6/2022,HARRY POTTER AND THE CURSED CHILD,Play,Lyric,1171913,10819,0.83
11/13/2022,HARRY POTTER AND THE CURSED CHILD,Play,Lyric,1331646,11655,0.9
11/20/2022,HARRY POTTER AND THE CURSED CHILD,Play,Lyric,1133313,9911,0.87
11/27/2022,HARRY POTTER AND THE CURSED CHILD,Play,Lyric,1858937,11756,0.91
12/4/2022,HARRY POTTER AND THE CURSED CHILD,Play,Lyric,1317000,10422,0.8
12/11/2022,HARRY POTTER AND THE CURSED CHILD,Play,Lyric,1477979,11544,0.89
12/18/2022,HARRY POTTER AND THE CURSED CHILD,Play,Lyric,1520754,11602,0.89
12/25/2022,HARRY POTTER AND THE CURSED CHILD,Play,Lyric,1993974,12768,0.98
4/3/2022,HOW I LEARNED TO DRIVE,Play,Friedman,221439,3021,0.79
4/10/2022,HOW I LEARNED TO DRIVE,Play,Friedman,261624,3533,0.79
4/17/2022,HOW I LEARNED TO DRIVE,Play,Friedman,237890,4302,0.84
4/24/2022,HOW I LEARNED TO DRIVE,Play,Friedman,265830,4003,0.9
5/1/2022,HOW I LEARNED TO DRIVE,Play,Friedman,311030,4305,0.97
5/8/2022,HOW I LEARNED TO DRIVE,Play,Friedman,317017,4221,0.83
5/15/2022,HOW I LEARNED TO DRIVE,Play,Friedman,364925,4341,0.85
5/22/2022,HOW I LEARNED TO DRIVE,Play,Friedman,370367,4240,0.83
5/29/2022,HOW I LEARNED TO DRIVE,Play,Friedman,371173,4302,0.84
6/5/2022,HOW I LEARNED TO DRIVE,Play,Friedman,160548,3348,0.75
6/12/2022,HOW I LEARNED TO DRIVE,Play,Friedman,288289,4054,0.91
7/3/2022,INTO THE WOODS 2022,Musical,St. James,1380760,11255,0.94
7/10/2022,INTO THE WOODS 2022,Musical,St. James,1448303,12805,0.94
7/17/2022,INTO THE WOODS 2022,Musical,St. James,1829941,13543,0.99
7/24/2022,INTO THE WOODS 2022,Musical,St. James,1890615,13303,0.98
7/31/2022,INTO THE WOODS 2022,Musical,St. James,1941026,13547,0.99
8/7/2022,INTO THE WOODS 2022,Musical,St. James,1933392,13412,0.99
8/14/2022,INTO THE WOODS 2022,Musical,St. James,2004011,13641,1
8/21/2022,INTO THE WOODS 2022,Musical,St. James,2082652,13689,1.01
8/28/2022,INTO THE WOODS 2022,Musical,St. James,1616557,12765,0.94
9/4/2022,INTO THE WOODS 2022,Musical,St. James,1867862,13458,0.99
9/11/2022,INTO THE WOODS 2022,Musical,St. James,1044801,9254,0.68
9/18/2022,INTO THE WOODS 2022,Musical,St. James,1100006,9605,0.71
9/25/2022,INTO THE WOODS 2022,Musical,St. James,1143349,10175,0.75
10/2/2022,INTO THE WOODS 2022,Musical,St. James,1006001,8309,0.75
10/9/2022,INTO THE WOODS 2022,Musical,St. James,1230128,10213,0.79
10/16/2022,INTO THE WOODS 2022,Musical,St. James,1210653,9685,0.71
10/23/2022,INTO THE WOODS 2022,Musical,St. James,775359,8192,0.74
10/30/2022,INTO THE WOODS 2022,Musical,St. James,701271,6824,0.62
11/6/2022,INTO THE WOODS 2022,Musical,St. James,710056,6991,0.64
11/13/2022,INTO THE WOODS 2022,Musical,St. James,927751,8562,0.78
11/20/2022,INTO THE WOODS 2022,Musical,St. James,733841,7031,0.61
11/27/2022,INTO THE WOODS 2022,Musical,St. James,1032393,8342,0.61
12/4/2022,INTO THE WOODS 2022,Musical,St. James,839475,8221,0.68
12/11/2022,INTO THE WOODS 2022,Musical,St. James,898994,8711,0.72
12/18/2022,INTO THE WOODS 2022,Musical,St. James,1000256,9260,0.76
12/25/2022,INTO THE WOODS 2022,Musical,St. James,876396,8259,0.71
10/16/2022,KIMBERLY AKIMBO,Musical,Booth,300433,4225,0.91
10/23/2022,KIMBERLY AKIMBO,Musical,Booth,367074,4939,0.91
10/30/2022,KIMBERLY AKIMBO,Musical,Booth,400953,5105,0.83
11/6/2022,KIMBERLY AKIMBO,Musical,Booth,420700,5580,0.9
11/13/2022,KIMBERLY AKIMBO,Musical,Booth,491165,5783,0.94
11/20/2022,KIMBERLY AKIMBO,Musical,Booth,456718,4930,0.8
11/27/2022,KIMBERLY AKIMBO,Musical,Booth,535043,4794,0.78
12/4/2022,KIMBERLY AKIMBO,Musical,Booth,536152,4943,0.8
12/11/2022,KIMBERLY AKIMBO,Musical,Booth,570155,5294,0.86
12/18/2022,KIMBERLY AKIMBO,Musical,Booth,502745,4856,0.79
12/25/2022,KIMBERLY AKIMBO,Musical,Booth,510827,4578,0.74
10/16/2022,KPOP,Musical,Circle In The Square,191119,2303,0.84
10/23/2022,KPOP,Musical,Circle In The Square,196419,3293,0.8
10/30/2022,KPOP,Musical,Circle In The Square,165174,3929,0.71
11/6/2022,KPOP,Musical,Circle In The Square,139388,3973,0.83
11/13/2022,KPOP,Musical,Circle In The Square,134348,3614,0.88
11/20/2022,KPOP,Musical,Circle In The Square,127262,3889,0.94
11/27/2022,KPOP,Musical,Circle In The Square,224389,4488,0.82
12/4/2022,KPOP,Musical,Circle In The Square,126493,3946,0.72
12/11/2022,KPOP,Musical,Circle In The Square,281757,5512,1
9/18/2022,LEOPOLDSTADT,Play,Longacre,556493,4068,0.76
9/25/2022,LEOPOLDSTADT,Play,Longacre,753157,5932,0.79
10/2/2022,LEOPOLDSTADT,Play,Longacre,758988,7649,0.89
10/9/2022,LEOPOLDSTADT,Play,Longacre,904433,6955,0.81
10/16/2022,LEOPOLDSTADT,Play,Longacre,1095529,7158,0.83
10/23/2022,LEOPOLDSTADT,Play,Longacre,1158051,7734,0.9
10/30/2022,LEOPOLDSTADT,Play,Longacre,1108296,7301,0.85
11/6/2022,LEOPOLDSTADT,Play,Longacre,1113992,7193,0.84
11/13/2022,LEOPOLDSTADT,Play,Longacre,1176995,7914,0.92
11/20/2022,LEOPOLDSTADT,Play,Longacre,1156245,7572,0.88
11/27/2022,LEOPOLDSTADT,Play,Longacre,1004563,6828,0.79
12/4/2022,LEOPOLDSTADT,Play,Longacre,1087164,7007,0.81
12/11/2022,LEOPOLDSTADT,Play,Longacre,1078215,6994,0.81
12/18/2022,LEOPOLDSTADT,Play,Longacre,895595,6349,0.74
12/25/2022,LEOPOLDSTADT,Play,Longacre,655269,5619,0.75
4/3/2022,MACBETH 2022,Play,Longacre,527244,3139,1
4/17/2022,MACBETH 2022,Play,Longacre,1170013,6283,1
4/24/2022,MACBETH 2022,Play,Longacre,1285183,7333,1
5/1/2022,MACBETH 2022,Play,Longacre,970737,7313,0.99
5/8/2022,MACBETH 2022,Play,Longacre,1365599,8077,0.96
5/15/2022,MACBETH 2022,Play,Longacre,1233487,7226,0.98
5/22/2022,MACBETH 2022,Play,Longacre,1353700,8135,0.97
5/29/2022,MACBETH 2022,Play,Longacre,1116578,6930,0.94
6/5/2022,MACBETH 2022,Play,Longacre,995270,6670,0.79
6/12/2022,MACBETH 2022,Play,Longacre,909344,6336,0.86
6/19/2022,MACBETH 2022,Play,Longacre,923466,7009,0.83
6/26/2022,MACBETH 2022,Play,Longacre,796837,6438,0.88
7/3/2022,MACBETH 2022,Play,Longacre,728171,8027,0.95
7/10/2022,MACBETH 2022,Play,Longacre,882382,7239,0.98
10/30/2022,MIKE BIRBIGLIA: THE OLD MAN & THE POOL,Play,Vivian Beaumont,219058,4270,1
11/6/2022,MIKE BIRBIGLIA: THE OLD MAN & THE POOL,Play,Vivian Beaumont,358288,6284,0.73
11/13/2022,MIKE BIRBIGLIA: THE OLD MAN & THE POOL,Play,Vivian Beaumont,290305,6916,0.92
11/20/2022,MIKE BIRBIGLIA: THE OLD MAN & THE POOL,Play,Vivian Beaumont,373530,6115,0.81
11/27/2022,MIKE BIRBIGLIA: THE OLD MAN & THE POOL,Play,Vivian Beaumont,391153,5894,0.78
12/4/2022,MIKE BIRBIGLIA: THE OLD MAN & THE POOL,Play,Vivian Beaumont,398095,6105,0.81
12/11/2022,MIKE BIRBIGLIA: THE OLD MAN & THE POOL,Play,Vivian Beaumont,435310,6176,0.82
12/18/2022,MIKE BIRBIGLIA: THE OLD MAN & THE POOL,Play,Vivian Beaumont,398713,5719,0.76
12/25/2022,MIKE BIRBIGLIA: THE OLD MAN & THE POOL,Play,Vivian Beaumont,341950,4956,0.66
3/20/2022,MJ THE MUSICAL,Musical,Neil Simon,1314241,10270,0.93
3/13/2022,MJ THE MUSICAL,Musical,Neil Simon,1150431,8881,0.79
2/27/2022,MJ THE MUSICAL,Musical,Neil Simon,1367892,10852,0.96
3/6/2022,MJ THE MUSICAL,Musical,Neil Simon,1124810,8952,0.79
2/6/2022,MJ THE MUSICAL,Musical,Neil Simon,874266,10107,0.89
2/13/2022,MJ THE MUSICAL,Musical,Neil Simon,1238202,10456,0.92
2/20/2022,MJ THE MUSICAL,Musical,Neil Simon,1409885,11067,0.98
1/9/2022,MJ THE MUSICAL,Musical,Neil Simon,603989,6284,0.63
1/16/2022,MJ THE MUSICAL,Musical,Neil Simon,532088,7058,0.71
1/23/2022,MJ THE MUSICAL,Musical,Neil Simon,624403,7877,0.93
1/30/2022,MJ THE MUSICAL,Musical,Neil Simon,706645,8326,0.84
1/2/2022,MJ THE MUSICAL,Musical,Neil Simon,776659,5727,0.81
3/27/2022,MJ THE MUSICAL,Musical,Neil Simon,1250077,9754,0.88
4/3/2022,MJ THE MUSICAL,Musical,Neil Simon,1185483,9160,0.83
4/10/2022,MJ THE MUSICAL,Musical,Neil Simon,1323773,9946,0.9
4/17/2022,MJ THE MUSICAL,Musical,Neil Simon,1462484,10841,0.98
4/24/2022,MJ THE MUSICAL,Musical,Neil Simon,1446359,10574,0.95
5/1/2022,MJ THE MUSICAL,Musical,Neil Simon,1226825,9369,0.84
5/8/2022,MJ THE MUSICAL,Musical,Neil Simon,1352589,9973,0.9
5/15/2022,MJ THE MUSICAL,Musical,Neil Simon,1352143,10468,0.94
5/22/2022,MJ THE MUSICAL,Musical,Neil Simon,1464626,10777,0.97
5/29/2022,MJ THE MUSICAL,Musical,Neil Simon,1460190,10408,0.94
6/5/2022,MJ THE MUSICAL,Musical,Neil Simon,1402897,10509,0.95
6/12/2022,MJ THE MUSICAL,Musical,Neil Simon,1444057,10666,0.96
6/19/2022,MJ THE MUSICAL,Musical,Neil Simon,1660978,11070,1
6/26/2022,MJ THE MUSICAL,Musical,Neil Simon,1681671,11139,1
7/3/2022,MJ THE MUSICAL,Musical,Neil Simon,1713666,11107,1
7/10/2022,MJ THE MUSICAL,Musical,Neil Simon,1704676,11062,1
7/17/2022,MJ THE MUSICAL,Musical,Neil Simon,1479499,9742,1
7/24/2022,MJ THE MUSICAL,Musical,Neil Simon,1525812,9748,1
7/31/2022,MJ THE MUSICAL,Musical,Neil Simon,1732995,11143,1
8/7/2022,MJ THE MUSICAL,Musical,Neil Simon,1746901,11144,1
8/14/2022,MJ THE MUSICAL,Musical,Neil Simon,1743069,11140,1
8/21/2022,MJ THE MUSICAL,Musical,Neil Simon,1734074,11143,1
8/28/2022,MJ THE MUSICAL,Musical,Neil Simon,1731913,11112,1
9/4/2022,MJ THE MUSICAL,Musical,Neil Simon,1762559,11137,1
9/11/2022,MJ THE MUSICAL,Musical,Neil Simon,1698290,11136,1
9/18/2022,MJ THE MUSICAL,Musical,Neil Simon,1724444,11137,1
9/25/2022,MJ THE MUSICAL,Musical,Neil Simon,1732796,11138,1
10/2/2022,MJ THE MUSICAL,Musical,Neil Simon,1728285,11101,1
10/9/2022,MJ THE MUSICAL,Musical,Neil Simon,1765676,11125,1
10/16/2022,MJ THE MUSICAL,Musical,Neil Simon,1777138,11143,1
10/23/2022,MJ THE MUSICAL,Musical,Neil Simon,1746669,11139,1
10/30/2022,MJ THE MUSICAL,Musical,Neil Simon,1810272,11048,1
11/6/2022,MJ THE MUSICAL,Musical,Neil Simon,1760183,11125,1
11/13/2022,MJ THE MUSICAL,Musical,Neil Simon,1815353,11137,1
11/20/2022,MJ THE MUSICAL,Musical,Neil Simon,1694503,10941,0.99
11/27/2022,MJ THE MUSICAL,Musical,Neil Simon,1958177,11143,1
12/4/2022,MJ THE MUSICAL,Musical,Neil Simon,1739485,11055,1
12/11/2022,MJ THE MUSICAL,Musical,Neil Simon,1764002,11123,1
12/18/2022,MJ THE MUSICAL,Musical,Neil Simon,1741473,11087,1
12/25/2022,MJ THE MUSICAL,Musical,Neil Simon,1840567,11107,1
3/20/2022,MOULIN ROUGE! THE MUSICAL,Musical,Al Hirschfeld,1381323,9705,0.93
3/13/2022,MOULIN ROUGE! THE MUSICAL,Musical,Al Hirschfeld,1241671,9552,0.92
2/27/2022,MOULIN ROUGE! THE MUSICAL,Musical,Al Hirschfeld,1279778,10294,0.99
3/6/2022,MOULIN ROUGE! THE MUSICAL,Musical,Al Hirschfeld,1097844,8935,0.86
2/6/2022,MOULIN ROUGE! THE MUSICAL,Musical,Al Hirschfeld,1015999,9428,0.91
2/13/2022,MOULIN ROUGE! THE MUSICAL,Musical,Al Hirschfeld,1165376,10092,0.97
2/20/2022,MOULIN ROUGE! THE MUSICAL,Musical,Al Hirschfeld,1306828,10313,0.99
1/9/2022,MOULIN ROUGE! THE MUSICAL,Musical,Al Hirschfeld,987098,7477,0.72
1/16/2022,MOULIN ROUGE! THE MUSICAL,Musical,Al Hirschfeld,1043360,8134,0.78
1/23/2022,MOULIN ROUGE! THE MUSICAL,Musical,Al Hirschfeld,980487,8824,0.85
1/30/2022,MOULIN ROUGE! THE MUSICAL,Musical,Al Hirschfeld,906928,8766,0.84
1/2/2022,MOULIN ROUGE! THE MUSICAL,Musical,Al Hirschfeld,677742,3731,0.96
3/27/2022,MOULIN ROUGE! THE MUSICAL,Musical,Al Hirschfeld,1406498,9908,0.95
4/3/2022,MOULIN ROUGE! THE MUSICAL,Musical,Al Hirschfeld,1336959,9519,0.92
4/10/2022,MOULIN ROUGE! THE MUSICAL,Musical,Al Hirschfeld,1418525,9631,0.93
4/17/2022,MOULIN ROUGE! THE MUSICAL,Musical,Al Hirschfeld,1468217,10119,0.97
4/24/2022,MOULIN ROUGE! THE MUSICAL,Musical,Al Hirschfeld,1469432,10098,0.97
5/1/2022,MOULIN ROUGE! THE MUSICAL,Musical,Al Hirschfeld,1419845,9904,0.95
5/8/2022,MOULIN ROUGE! THE MUSICAL,Musical,Al Hirschfeld,1592498,10323,0.99
5/15/2022,MOULIN ROUGE! THE MUSICAL,Musical,Al Hirschfeld,537705,4750,0.91
5/22/2022,MOULIN ROUGE! THE MUSICAL,Musical,Al Hirschfeld,1369262,9896,0.95
5/29/2022,MOULIN ROUGE! THE MUSICAL,Musical,Al Hirschfeld,1310157,9682,0.93
6/5/2022,MOULIN ROUGE! THE MUSICAL,Musical,Al Hirschfeld,1196719,9583,0.92
6/12/2022,MOULIN ROUGE! THE MUSICAL,Musical,Al Hirschfeld,1235274,10111,0.97
6/19/2022,MOULIN ROUGE! THE MUSICAL,Musical,Al Hirschfeld,1274172,10249,0.99
6/26/2022,MOULIN ROUGE! THE MUSICAL,Musical,Al Hirschfeld,1208357,10247,0.99
7/3/2022,MOULIN ROUGE! THE MUSICAL,Musical,Al Hirschfeld,1106691,9877,0.95
7/10/2022,MOULIN ROUGE! THE MUSICAL,Musical,Al Hirschfeld,1073383,9820,0.94
7/17/2022,MOULIN ROUGE! THE MUSICAL,Musical,Al Hirschfeld,1177392,10093,0.97
7/24/2022,MOULIN ROUGE! THE MUSICAL,Musical,Al Hirschfeld,1234889,10129,0.97
7/31/2022,MOULIN ROUGE! THE MUSICAL,Musical,Al Hirschfeld,1153343,10105,0.97
8/7/2022,MOULIN ROUGE! THE MUSICAL,Musical,Al Hirschfeld,1170809,9992,0.96
8/14/2022,MOULIN ROUGE! THE MUSICAL,Musical,Al Hirschfeld,1157450,9740,0.94
8/21/2022,MOULIN ROUGE! THE MUSICAL,Musical,Al Hirschfeld,1165627,10142,0.98
8/28/2022,MOULIN ROUGE! THE MUSICAL,Musical,Al Hirschfeld,1149889,10051,0.97
9/4/2022,MOULIN ROUGE! THE MUSICAL,Musical,Al Hirschfeld,1219995,10158,0.98
9/11/2022,MOULIN ROUGE! THE MUSICAL,Musical,Al Hirschfeld,1277956,10337,0.99
9/18/2022,MOULIN ROUGE! THE MUSICAL,Musical,Al Hirschfeld,1305438,10356,1
9/25/2022,MOULIN ROUGE! THE MUSICAL,Musical,Al Hirschfeld,1281898,10333,0.99
10/2/2022,MOULIN ROUGE! THE MUSICAL,Musical,Al Hirschfeld,1214235,10139,0.97
10/9/2022,MOULIN ROUGE! THE MUSICAL,Musical,Al Hirschfeld,1330506,10385,1
10/16/2022,MOULIN ROUGE! THE MUSICAL,Musical,Al Hirschfeld,1325175,10376,1
10/23/2022,MOULIN ROUGE! THE MUSICAL,Musical,Al Hirschfeld,1269930,10358,1
10/30/2022,MOULIN ROUGE! THE MUSICAL,Musical,Al Hirschfeld,1167728,9978,0.96
11/6/2022,MOULIN ROUGE! THE MUSICAL,Musical,Al Hirschfeld,1219050,10092,0.97
11/13/2022,MOULIN ROUGE! THE MUSICAL,Musical,Al Hirschfeld,1279623,10185,0.98
11/20/2022,MOULIN ROUGE! THE MUSICAL,Musical,Al Hirschfeld,1194270,10108,0.97
11/27/2022,MOULIN ROUGE! THE MUSICAL,Musical,Al Hirschfeld,1373861,10295,0.99
12/4/2022,MOULIN ROUGE! THE MUSICAL,Musical,Al Hirschfeld,1399728,10262,0.99
12/11/2022,MOULIN ROUGE! THE MUSICAL,Musical,Al Hirschfeld,1453652,10363,1
12/18/2022,MOULIN ROUGE! THE MUSICAL,Musical,Al Hirschfeld,1400025,10105,0.97
12/25/2022,MOULIN ROUGE! THE MUSICAL,Musical,Al Hirschfeld,1159957,8756,0.96
4/3/2022,MR. SATURDAY NIGHT,Musical,Nederlander,805619,6210,0.87
4/10/2022,MR. SATURDAY NIGHT,Musical,Nederlander,884707,7306,0.88
4/17/2022,MR. SATURDAY NIGHT,Musical,Nederlander,652920,5474,0.66
4/24/2022,MR. SATURDAY NIGHT,Musical,Nederlander,770229,7504,0.9
5/1/2022,MR. SATURDAY NIGHT,Musical,Nederlander,711269,6006,0.84
5/8/2022,MR. SATURDAY NIGHT,Musical,Nederlander,565412,4058,0.68
5/15/2022,MR. SATURDAY NIGHT,Musical,Nederlander,858847,6519,0.78
5/22/2022,MR. SATURDAY NIGHT,Musical,Nederlander,818982,5794,0.69
5/29/2022,MR. SATURDAY NIGHT,Musical,Nederlander,396540,3012,0.63
6/12/2022,MR. SATURDAY NIGHT,Musical,Nederlander,848030,6468,0.78
6/19/2022,MR. SATURDAY NIGHT,Musical,Nederlander,732810,5361,0.75
6/26/2022,MR. SATURDAY NIGHT,Musical,Nederlander,820691,5952,0.72
7/3/2022,MR. SATURDAY NIGHT,Musical,Nederlander,684966,6182,0.74
7/10/2022,MR. SATURDAY NIGHT,Musical,Nederlander,542696,4375,0.61
7/17/2022,MR. SATURDAY NIGHT,Musical,Nederlander,623535,5050,0.61
7/24/2022,MR. SATURDAY NIGHT,Musical,Nederlander,667303,5362,0.64
7/31/2022,MR. SATURDAY NIGHT,Musical,Nederlander,586743,5254,0.63
8/7/2022,MR. SATURDAY NIGHT,Musical,Nederlander,541362,4740,0.66
8/14/2022,MR. SATURDAY NIGHT,Musical,Nederlander,704573,6033,0.73
8/21/2022,MR. SATURDAY NIGHT,Musical,Nederlander,738143,6413,0.77
8/28/2022,MR. SATURDAY NIGHT,Musical,Nederlander,862889,7425,0.89
9/4/2022,MR. SATURDAY NIGHT,Musical,Nederlander,1014614,8148,0.98
1/9/2022,MRS. DOUBTFIRE,Musical,Stephen Sondheim,419319,5738,0.69
1/2/2022,MRS. DOUBTFIRE,Musical,Stephen Sondheim,933818,7173,0.77
4/17/2022,MRS. DOUBTFIRE 2022,Musical,Stephen Sondheim,528807,5887,0.95
4/24/2022,MRS. DOUBTFIRE 2022,Musical,Stephen Sondheim,631929,7078,0.86
5/1/2022,MRS. DOUBTFIRE 2022,Musical,Stephen Sondheim,421454,5288,0.64
5/8/2022,MRS. DOUBTFIRE 2022,Musical,Stephen Sondheim,477132,5710,0.69
5/15/2022,MRS. DOUBTFIRE 2022,Musical,Stephen Sondheim,395679,5222,0.63
5/22/2022,MRS. DOUBTFIRE 2022,Musical,Stephen Sondheim,509975,6104,0.74
5/29/2022,MRS. DOUBTFIRE 2022,Musical,Stephen Sondheim,725700,7832,0.95
11/13/2022,OHIO STATE MURDERS,Play,James Earl Jones,145011,1849,0.58
11/20/2022,OHIO STATE MURDERS,Play,James Earl Jones,291583,4162,0.49
11/27/2022,OHIO STATE MURDERS,Play,James Earl Jones,229159,3639,0.43
12/4/2022,OHIO STATE MURDERS,Play,James Earl Jones,196541,2923,0.46
12/11/2022,OHIO STATE MURDERS,Play,James Earl Jones,300180,5502,0.64
12/18/2022,OHIO STATE MURDERS,Play,James Earl Jones,282787,3770,0.44
12/25/2022,OHIO STATE MURDERS,Play,James Earl Jones,182502,2682,0.36
3/20/2022,PARADISE SQUARE,Musical,Ethel Barrymore,355401,7588,0.97
3/27/2022,PARADISE SQUARE,Musical,Ethel Barrymore,346651,7287,0.93
4/3/2022,PARADISE SQUARE,Musical,Ethel Barrymore,296350,7165,0.91
4/10/2022,PARADISE SQUARE,Musical,Ethel Barrymore,80612,2185,0.74
4/24/2022,PARADISE SQUARE,Musical,Ethel Barrymore,253374,4791,0.61
5/1/2022,PARADISE SQUARE,Musical,Ethel Barrymore,206562,4260,0.54
5/8/2022,PARADISE SQUARE,Musical,Ethel Barrymore,193669,4804,0.61
5/15/2022,PARADISE SQUARE,Musical,Ethel Barrymore,235604,5488,0.7
5/22/2022,PARADISE SQUARE,Musical,Ethel Barrymore,241952,4502,0.57
5/29/2022,PARADISE SQUARE,Musical,Ethel Barrymore,261256,4800,0.61
6/5/2022,PARADISE SQUARE,Musical,Ethel Barrymore,229337,4599,0.59
6/12/2022,PARADISE SQUARE,Musical,Ethel Barrymore,263147,4722,0.6
6/19/2022,PARADISE SQUARE,Musical,Ethel Barrymore,387670,5064,0.64
6/26/2022,PARADISE SQUARE,Musical,Ethel Barrymore,363664,4552,0.58
7/3/2022,PARADISE SQUARE,Musical,Ethel Barrymore,300508,4279,0.54
7/10/2022,PARADISE SQUARE,Musical,Ethel Barrymore,266926,3777,0.48
7/17/2022,PARADISE SQUARE,Musical,Ethel Barrymore,520750,5745,0.73
3/20/2022,PLAZA SUITE 2022,Play,Hudson,1657090,7792,1
3/13/2022,PLAZA SUITE 2022,Play,Hudson,1578282,7722,0.99
2/27/2022,PLAZA SUITE 2022,Play,Hudson,720823,2925,1
3/6/2022,PLAZA SUITE 2022,Play,Hudson,1607753,7569,0.97
3/27/2022,PLAZA SUITE 2022,Play,Hudson,1567493,7791,1
4/3/2022,PLAZA SUITE 2022,Play,Hudson,1383563,7740,0.99
4/10/2022,PLAZA SUITE 2022,Play,Hudson,547536,2680,0.92
4/17/2022,PLAZA SUITE 2022,Play,Hudson,917819,4509,0.92
4/24/2022,PLAZA SUITE 2022,Play,Hudson,1684725,7728,0.99
5/1/2022,PLAZA SUITE 2022,Play,Hudson,1656074,7693,0.99
5/8/2022,PLAZA SUITE 2022,Play,Hudson,1668783,7756,0.99
5/15/2022,PLAZA SUITE 2022,Play,Hudson,1619811,7720,0.99
5/22/2022,PLAZA SUITE 2022,Play,Hudson,1647507,7727,0.99
5/29/2022,PLAZA SUITE 2022,Play,Hudson,1644056,7728,0.99
6/5/2022,PLAZA SUITE 2022,Play,Hudson,1576900,7687,0.99
6/12/2022,PLAZA SUITE 2022,Play,Hudson,1708387,7783,1
6/19/2022,PLAZA SUITE 2022,Play,Hudson,1596307,7789,1
6/26/2022,PLAZA SUITE 2022,Play,Hudson,1597735,7777,1
7/3/2022,PLAZA SUITE 2022,Play,Hudson,1045851,5847,1
7/10/2022,PLAZA SUITE 2022,Play,Hudson,1430342,7800,1
4/17/2022,POTUS,Play,Shubert,152727,3467,0.6
4/24/2022,POTUS,Play,Shubert,313367,7055,0.69
5/1/2022,POTUS,Play,Shubert,330417,8888,0.77
5/8/2022,POTUS,Play,Shubert,380674,5709,0.49
5/15/2022,POTUS,Play,Shubert,461864,6326,0.54
5/22/2022,POTUS,Play,Shubert,529449,6684,0.58
5/29/2022,POTUS,Play,Shubert,445741,6010,0.52
6/5/2022,POTUS,Play,Shubert,430900,5584,0.48
6/12/2022,POTUS,Play,Shubert,478972,5899,0.51
6/19/2022,POTUS,Play,Shubert,497432,5814,0.5
6/26/2022,POTUS,Play,Shubert,494182,5867,0.51
7/3/2022,POTUS,Play,Shubert,406926,5537,0.48
7/10/2022,POTUS,Play,Shubert,391773,5055,0.44
7/17/2022,POTUS,Play,Shubert,466947,5744,0.49
7/24/2022,POTUS,Play,Shubert,524321,6358,0.55
7/31/2022,POTUS,Play,Shubert,517141,6394,0.55
8/7/2022,POTUS,Play,Shubert,579297,7519,0.65
8/14/2022,POTUS,Play,Shubert,750188,8913,0.77
3/20/2022,SIX,Musical,Brooks Atkinson,1284951,8252,1
3/13/2022,SIX,Musical,Brooks Atkinson,1251752,8260,1
2/27/2022,SIX,Musical,Brooks Atkinson,1223370,8133,0.99
3/6/2022,SIX,Musical,Brooks Atkinson,1120497,7940,0.96
2/6/2022,SIX,Musical,Brooks Atkinson,970822,7090,0.86
2/13/2022,SIX,Musical,Brooks Atkinson,994373,7409,0.9
2/20/2022,SIX,Musical,Brooks Atkinson,1171086,8031,0.97
1/9/2022,SIX,Musical,Brooks Atkinson,872654,6739,0.82
1/16/2022,SIX,Musical,Brooks Atkinson,930883,7011,0.85
1/23/2022,SIX,Musical,Brooks Atkinson,942751,7169,0.87
1/30/2022,SIX,Musical,Brooks Atkinson,916509,7074,0.86
1/2/2022,SIX,Musical,Brooks Atkinson,280996,1755,0.85
3/27/2022,SIX,Musical,Brooks Atkinson,1241704,8150,0.99
4/3/2022,SIX,Musical,Brooks Atkinson,1288716,8107,0.98
4/10/2022,SIX,Musical,Brooks Atkinson,1343506,8248,1
4/17/2022,SIX,Musical,Brooks Atkinson,1357276,8156,0.99
4/24/2022,SIX,Musical,Brooks Atkinson,1287373,8088,0.98
5/1/2022,SIX,Musical,Brooks Atkinson,1083870,7359,0.89
5/8/2022,SIX,Musical,Brooks Atkinson,1162514,7954,0.96
5/15/2022,SIX,Musical,Brooks Atkinson,1190681,8149,0.99
5/22/2022,SIX,Musical,Brooks Atkinson,1283416,8129,0.99
5/29/2022,SIX,Musical,Brooks Atkinson,1283844,8130,0.99
6/5/2022,SIX,Musical,Brooks Atkinson,1167198,7674,0.93
6/12/2022,SIX,Musical,Brooks Atkinson,1116564,7155,0.99
6/19/2022,SIX,Musical,Brooks Atkinson,1171935,7182,1
6/26/2022,SIX,Musical,Brooks Atkinson,1200308,7242,1
7/3/2022,SIX,Musical,Brooks Atkinson,1251317,8100,0.98
7/10/2022,SIX,Musical,Brooks Atkinson,1188049,7816,0.95
7/17/2022,SIX,Musical,Brooks Atkinson,1242254,8174,0.99
7/24/2022,SIX,Musical,Brooks Atkinson,1249523,8138,0.99
7/31/2022,SIX,Musical,Brooks Atkinson,1240162,8234,1
8/7/2022,SIX,Musical,Brooks Atkinson,1228127,8167,0.99
8/14/2022,SIX,Musical,Brooks Atkinson,1120134,7747,0.94
8/21/2022,SIX,Musical,Brooks Atkinson,1081608,7650,0.93
8/28/2022,SIX,Musical,Brooks Atkinson,1038255,7466,0.91
9/4/2022,SIX,Musical,Brooks Atkinson,1167815,7614,0.92
9/11/2022,SIX,Musical,Brooks Atkinson,1013108,7570,0.92
9/18/2022,SIX,Musical,Brooks Atkinson,1104036,7885,0.96
9/25/2022,SIX,Musical,Brooks Atkinson,1148744,8087,0.98
10/2/2022,SIX,Musical,Brooks Atkinson,1044106,7587,0.92
10/9/2022,SIX,Musical,Brooks Atkinson,1213401,7910,0.96
10/16/2022,SIX,Musical,Brooks Atkinson,1225787,8037,0.97
10/23/2022,SIX,Musical,Brooks Atkinson,1189892,8119,0.98
10/30/2022,SIX,Musical,Brooks Atkinson,973408,7375,0.89
11/6/2022,SIX,Musical,Lena Horne,1056663,7593,0.92
11/13/2022,SIX,Musical,Lena Horne,1163568,8095,0.98
11/20/2022,SIX,Musical,Lena Horne,1135184,8009,0.97
11/27/2022,SIX,Musical,Lena Horne,1347558,8198,0.99
12/4/2022,SIX,Musical,Lena Horne,1317954,8063,0.98
12/11/2022,SIX,Musical,Lena Horne,1295320,8063,0.98
12/18/2022,SIX,Musical,Lena Horne,1311602,7986,0.97
12/25/2022,SIX,Musical,Lena Horne,1274284,7960,0.97
2/6/2022,SKELETON CREW,Play,Friedman,221502,4789,1.04
2/13/2022,SKELETON CREW,Play,Friedman,249753,4762,1.04
2/20/2022,SKELETON CREW,Play,Friedman,295725,4741,1.03
1/16/2022,SKELETON CREW,Play,Friedman,74850,2824,0.61
1/23/2022,SKELETON CREW,Play,Friedman,113731,4335,0.94
1/30/2022,SKELETON CREW,Play,Friedman,122894,4776,1.04
1/2/2022,SKELETON CREW,Play,Friedman,44425,1795,0.78
1/9/2022,SLAVE PLAY 2021,Play,August Wilson,110637,3289,0.33
1/16/2022,SLAVE PLAY 2021,Play,August Wilson,173564,4481,0.45
1/23/2022,SLAVE PLAY 2021,Play,August Wilson,294237,6028,0.69
1/2/2022,SLAVE PLAY 2021,Play,August Wilson,86107,2290,0.26
11/6/2022,SOME LIKE IT HOT,Musical,Shubert,539593,7131,0.82
11/13/2022,SOME LIKE IT HOT,Musical,Shubert,622409,9303,0.92
11/20/2022,SOME LIKE IT HOT,Musical,Shubert,657581,8802,0.76
11/27/2022,SOME LIKE IT HOT,Musical,Shubert,656445,7777,0.67
12/4/2022,SOME LIKE IT HOT,Musical,Shubert,622357,6587,0.65
12/11/2022,SOME LIKE IT HOT,Musical,Shubert,747142,10527,0.91
12/18/2022,SOME LIKE IT HOT,Musical,Shubert,802341,8538,0.74
12/25/2022,SOME LIKE IT HOT,Musical,Shubert,543368,5295,0.52
3/20/2022,TAKE ME OUT 2022,Play,Helen Hayes,351019,4045,0.86
3/13/2022,TAKE ME OUT 2022,Play,Helen Hayes,294864,3225,0.92
3/27/2022,TAKE ME OUT 2022,Play,Helen Hayes,365140,3830,0.82
4/3/2022,TAKE ME OUT 2022,Play,Helen Hayes,311997,4064,0.87
4/10/2022,TAKE ME OUT 2022,Play,Helen Hayes,369003,4534,0.97
4/17/2022,TAKE ME OUT 2022,Play,Helen Hayes,397313,4212,0.9
4/24/2022,TAKE ME OUT 2022,Play,Helen Hayes,424287,4265,0.91
5/1/2022,TAKE ME OUT 2022,Play,Helen Hayes,408923,4083,0.87
5/8/2022,TAKE ME OUT 2022,Play,Helen Hayes,351910,3342,0.82
5/15/2022,TAKE ME OUT 2022,Play,Helen Hayes,474951,4211,0.91
5/22/2022,TAKE ME OUT 2022,Play,Helen Hayes,540659,4503,0.97
5/29/2022,TAKE ME OUT 2022,Play,Helen Hayes,591559,4552,0.98
6/5/2022,TAKE ME OUT 2022,Play,Helen Hayes,658210,4586,0.99
6/12/2022,TAKE ME OUT 2022,Play,Helen Hayes,717420,4630,1
10/30/2022,TAKE ME OUT 2023,Play,Schoenfeld,341984,3376,0.64
11/6/2022,TAKE ME OUT 2023,Play,Schoenfeld,451494,4814,0.57
11/13/2022,TAKE ME OUT 2023,Play,Schoenfeld,457404,4783,0.56
11/20/2022,TAKE ME OUT 2023,Play,Schoenfeld,343318,4170,0.49
11/27/2022,TAKE ME OUT 2023,Play,Schoenfeld,312681,3677,0.43
12/4/2022,TAKE ME OUT 2023,Play,Schoenfeld,386296,4216,0.5
12/11/2022,TAKE ME OUT 2023,Play,Schoenfeld,413322,4337,0.51
12/18/2022,TAKE ME OUT 2023,Play,Schoenfeld,335943,3982,0.47
12/25/2022,TAKE ME OUT 2023,Play,Schoenfeld,224363,3473,0.55
3/20/2022,THE BOOK OF MORMON,Musical,Eugene O'Neill,1080338,8442,0.99
3/13/2022,THE BOOK OF MORMON,Musical,Eugene O'Neill,973095,8378,0.98
2/27/2022,THE BOOK OF MORMON,Musical,Eugene O'Neill,957492,8431,0.99
3/6/2022,THE BOOK OF MORMON,Musical,Eugene O'Neill,841640,8072,0.95
2/6/2022,THE BOOK OF MORMON,Musical,Eugene O'Neill,744020,7393,0.87
2/13/2022,THE BOOK OF MORMON,Musical,Eugene O'Neill,785767,6990,0.94
2/20/2022,THE BOOK OF MORMON,Musical,Eugene O'Neill,977051,8240,0.97
1/9/2022,THE BOOK OF MORMON,Musical,Eugene O'Neill,749967,6934,0.81
1/16/2022,THE BOOK OF MORMON,Musical,Eugene O'Neill,766405,7137,0.84
1/23/2022,THE BOOK OF MORMON,Musical,Eugene O'Neill,677883,6996,0.82
1/30/2022,THE BOOK OF MORMON,Musical,Eugene O'Neill,651270,6935,0.81
1/2/2022,THE BOOK OF MORMON,Musical,Eugene O'Neill,1417568,9308,0.97
3/27/2022,THE BOOK OF MORMON,Musical,Eugene O'Neill,1058384,8412,0.99
4/3/2022,THE BOOK OF MORMON,Musical,Eugene O'Neill,996401,8170,0.96
4/10/2022,THE BOOK OF MORMON,Musical,Eugene O'Neill,1031176,8321,0.98
4/17/2022,THE BOOK OF MORMON,Musical,Eugene O'Neill,1134629,8380,0.98
4/24/2022,THE BOOK OF MORMON,Musical,Eugene O'Neill,1018320,7984,0.94
5/1/2022,THE BOOK OF MORMON,Musical,Eugene O'Neill,857181,7311,0.86
5/8/2022,THE BOOK OF MORMON,Musical,Eugene O'Neill,905753,7875,0.92
5/15/2022,THE BOOK OF MORMON,Musical,Eugene O'Neill,941031,7679,0.9
5/22/2022,THE BOOK OF MORMON,Musical,Eugene O'Neill,1021148,8080,0.95
5/29/2022,THE BOOK OF MORMON,Musical,Eugene O'Neill,1053153,8245,0.97
6/5/2022,THE BOOK OF MORMON,Musical,Eugene O'Neill,947844,7758,0.91
6/12/2022,THE BOOK OF MORMON,Musical,Eugene O'Neill,1003364,8060,0.95
6/19/2022,THE BOOK OF MORMON,Musical,Eugene O'Neill,908616,7514,0.88
6/26/2022,THE BOOK OF MORMON,Musical,Eugene O'Neill,1048781,8362,0.98
7/3/2022,THE BOOK OF MORMON,Musical,Eugene O'Neill,969890,8270,0.97
7/10/2022,THE BOOK OF MORMON,Musical,Eugene O'Neill,972437,8273,0.97
7/17/2022,THE BOOK OF MORMON,Musical,Eugene O'Neill,952620,8010,0.94
7/24/2022,THE BOOK OF MORMON,Musical,Eugene O'Neill,983473,8308,0.97
7/31/2022,THE BOOK OF MORMON,Musical,Eugene O'Neill,986653,8234,0.97
8/7/2022,THE BOOK OF MORMON,Musical,Eugene O'Neill,986132,8313,0.97
8/14/2022,THE BOOK OF MORMON,Musical,Eugene O'Neill,998423,8351,0.98
8/21/2022,THE BOOK OF MORMON,Musical,Eugene O'Neill,969001,8281,0.97
8/28/2022,THE BOOK OF MORMON,Musical,Eugene O'Neill,906104,7992,0.94
9/4/2022,THE BOOK OF MORMON,Musical,Eugene O'Neill,1038905,8290,0.97
9/11/2022,THE BOOK OF MORMON,Musical,Eugene O'Neill,980561,8381,0.98
9/18/2022,THE BOOK OF MORMON,Musical,Eugene O'Neill,1007997,8403,0.99
9/25/2022,THE BOOK OF MORMON,Musical,Eugene O'Neill,1028039,8453,0.99
10/2/2022,THE BOOK OF MORMON,Musical,Eugene O'Neill,988990,8315,0.98
10/9/2022,THE BOOK OF MORMON,Musical,Eugene O'Neill,1114346,8396,0.98
10/16/2022,THE BOOK OF MORMON,Musical,Eugene O'Neill,1070291,8337,0.98
10/23/2022,THE BOOK OF MORMON,Musical,Eugene O'Neill,1090736,8527,1
10/30/2022,THE BOOK OF MORMON,Musical,Eugene O'Neill,908606,7955,0.93
11/6/2022,THE BOOK OF MORMON,Musical,Eugene O'Neill,976672,7919,0.93
11/13/2022,THE BOOK OF MORMON,Musical,Eugene O'Neill,1069327,8294,0.97
11/20/2022,THE BOOK OF MORMON,Musical,Eugene O'Neill,988928,8037,0.94
11/27/2022,THE BOOK OF MORMON,Musical,Eugene O'Neill,1222528,8315,0.98
12/4/2022,THE BOOK OF MORMON,Musical,Eugene O'Neill,1060557,7965,0.93
12/11/2022,THE BOOK OF MORMON,Musical,Eugene O'Neill,1158956,8507,1
12/18/2022,THE BOOK OF MORMON,Musical,Eugene O'Neill,1221109,8417,0.99
12/25/2022,THE BOOK OF MORMON,Musical,Eugene O'Neill,1084164,7078,0.95
12/4/2022,THE COLLABORATION,Play,Friedman,208597,3254,0.85
12/11/2022,THE COLLABORATION,Play,Friedman,312376,4161,0.82
12/18/2022,THE COLLABORATION,Play,Friedman,203103,4702,0.92
7/10/2022,THE KITE RUNNER,Play,Hayes,266612,2876,0.83
7/17/2022,THE KITE RUNNER,Play,Hayes,331511,4145,0.89
7/24/2022,THE KITE RUNNER,Play,Hayes,277621,4060,0.87
7/31/2022,THE KITE RUNNER,Play,Hayes,346500,3453,0.74
8/7/2022,THE KITE RUNNER,Play,Hayes,306252,3273,0.7
8/14/2022,THE KITE RUNNER,Play,Hayes,263930,3037,0.65
8/21/2022,THE KITE RUNNER,Play,Hayes,276804,3324,0.72
8/28/2022,THE KITE RUNNER,Play,Hayes,287649,3141,0.68
9/4/2022,THE KITE RUNNER,Play,Hayes,294963,3401,0.73
9/11/2022,THE KITE RUNNER,Play,Hayes,340779,3400,0.73
9/18/2022,THE KITE RUNNER,Play,Hayes,386916,3616,0.78
9/25/2022,THE KITE RUNNER,Play,Hayes,356190,3474,0.75
10/2/2022,THE KITE RUNNER,Play,Hayes,327001,3112,0.67
10/9/2022,THE KITE RUNNER,Play,Hayes,334750,3277,0.71
10/16/2022,THE KITE RUNNER,Play,Helen Hayes,348090,3374,0.73
10/23/2022,THE KITE RUNNER,Play,Helen Hayes,381355,3532,0.76
10/30/2022,THE KITE RUNNER,Play,Helen Hayes,431556,3927,0.84
1/2/2022,THE LEHMAN TRILOGY,Play,Nederlander,1001264,7015,0.87
3/20/2022,THE LION KING,Musical,Minskoff,1778641,13399,0.99
3/13/2022,THE LION KING,Musical,Minskoff,1517066,12916,0.95
2/27/2022,THE LION KING,Musical,Minskoff,1588688,13347,0.98
3/6/2022,THE LION KING,Musical,Minskoff,1095084,12622,0.93
2/6/2022,THE LION KING,Musical,Minskoff,1158689,12185,0.9
2/13/2022,THE LION KING,Musical,Minskoff,1275054,12875,0.95
2/20/2022,THE LION KING,Musical,Minskoff,1457409,12932,0.95
1/9/2022,THE LION KING,Musical,Minskoff,1287640,11057,0.81
1/16/2022,THE LION KING,Musical,Minskoff,1064958,9992,0.74
1/23/2022,THE LION KING,Musical,Minskoff,1050623,11186,0.82
1/30/2022,THE LION KING,Musical,Minskoff,1010757,11219,0.83
1/2/2022,THE LION KING,Musical,Minskoff,1482761,7727,0.91
3/27/2022,THE LION KING,Musical,Minskoff,1709630,13208,0.97
4/3/2022,THE LION KING,Musical,Minskoff,1642666,12979,0.96
4/10/2022,THE LION KING,Musical,Minskoff,1874337,13491,0.99
4/17/2022,THE LION KING,Musical,Minskoff,2560960,15152,0.99
4/24/2022,THE LION KING,Musical,Minskoff,2000821,13411,0.99
5/1/2022,THE LION KING,Musical,Minskoff,1635397,12697,0.94
5/8/2022,THE LION KING,Musical,Minskoff,1716181,13195,0.97
5/15/2022,THE LION KING,Musical,Minskoff,1636928,12659,0.93
5/22/2022,THE LION KING,Musical,Minskoff,1771357,13009,0.96
5/29/2022,THE LION KING,Musical,Minskoff,2000284,13477,0.99
6/5/2022,THE LION KING,Musical,Minskoff,1864584,13050,0.96
6/12/2022,THE LION KING,Musical,Minskoff,1951072,13374,0.99
6/19/2022,THE LION KING,Musical,Minskoff,1947145,13343,0.98
6/26/2022,THE LION KING,Musical,Minskoff,2117236,13524,1
7/3/2022,THE LION KING,Musical,Minskoff,2162416,13431,0.99
7/10/2022,THE LION KING,Musical,Minskoff,2358454,14872,0.97
7/17/2022,THE LION KING,Musical,Minskoff,2130537,13183,0.97
7/24/2022,THE LION KING,Musical,Minskoff,2434665,14960,0.98
7/31/2022,THE LION KING,Musical,Minskoff,2166598,13221,0.97
8/7/2022,THE LION KING,Musical,Minskoff,2222752,13302,0.98
8/14/2022,THE LION KING,Musical,Minskoff,2052136,13297,0.98
8/21/2022,THE LION KING,Musical,Minskoff,1980606,13524,1
8/28/2022,THE LION KING,Musical,Minskoff,1795793,13226,0.97
9/4/2022,THE LION KING,Musical,Minskoff,1757862,12979,0.96
9/11/2022,THE LION KING,Musical,Minskoff,1580294,12808,0.94
9/18/2022,THE LION KING,Musical,Minskoff,1639087,12942,0.95
9/25/2022,THE LION KING,Musical,Minskoff,1703438,12973,0.96
10/2/2022,THE LION KING,Musical,Minskoff,1573992,13231,0.98
10/9/2022,THE LION KING,Musical,Minskoff,2066059,13471,0.99
10/16/2022,THE LION KING,Musical,Minskoff,1815269,13517,1
10/23/2022,THE LION KING,Musical,Minskoff,1714707,13541,1
10/30/2022,THE LION KING,Musical,Minskoff,1704717,13124,0.97
11/6/2022,THE LION KING,Musical,Minskoff,1761156,13371,0.99
11/13/2022,THE LION KING,Musical,Minskoff,1537809,13227,0.97
11/20/2022,THE LION KING,Musical,Minskoff,1856550,13445,0.99
11/27/2022,THE LION KING,Musical,Minskoff,2674898,12772,0.94
12/4/2022,THE LION KING,Musical,Minskoff,2162999,12881,0.95
12/11/2022,THE LION KING,Musical,Minskoff,2365967,13398,0.99
12/18/2022,THE LION KING,Musical,Minskoff,2449001,13190,0.97
12/25/2022,THE LION KING,Musical,Minskoff,2590306,11437,0.96
4/3/2022,THE LITTLE PRINCE,Musical,Broadway,359264,5771,0.55
4/10/2022,THE LITTLE PRINCE,Musical,Broadway,311133,9870,0.71
4/17/2022,THE LITTLE PRINCE,Special,Broadway,373831,6704,0.57
4/24/2022,THE LITTLE PRINCE,Special,Broadway,280887,3263,0.28
5/1/2022,THE LITTLE PRINCE,Special,Broadway,232808,3050,0.26
5/8/2022,THE LITTLE PRINCE,Special,Broadway,330668,6231,0.53
4/3/2022,THE MINUTES,Play,Studio 54,140970,1599,0.8
4/10/2022,THE MINUTES,Play,Studio 54,393473,4247,0.8
4/17/2022,THE MINUTES,Play,Studio 54,304074,4544,0.85
4/24/2022,THE MINUTES,Play,Studio 54,401095,4318,0.81
5/1/2022,THE MINUTES,Play,Studio 54,374812,4056,0.76
5/8/2022,THE MINUTES,Play,Studio 54,346283,3696,0.69
5/15/2022,THE MINUTES,Play,Studio 54,386898,3890,0.73
5/22/2022,THE MINUTES,Play,Studio 54,342174,3733,0.7
5/29/2022,THE MINUTES,Play,Studio 54,322173,3642,0.68
6/5/2022,THE MINUTES,Play,Studio 54,272498,3118,0.58
6/12/2022,THE MINUTES,Play,Studio 54,280802,3178,0.6
6/19/2022,THE MINUTES,Play,Studio 54,272135,3118,0.58
6/26/2022,THE MINUTES,Play,Studio 54,251171,2799,0.6
7/3/2022,THE MINUTES,Play,Studio 54,193650,2709,0.58
7/10/2022,THE MINUTES,Play,Studio 54,197795,2615,0.56
7/17/2022,THE MINUTES,Play,Studio 54,228508,3027,0.65
7/24/2022,THE MINUTES,Play,Studio 54,291867,3811,0.82
3/20/2022,THE MUSIC MAN 2022,Musical,Winter Garden,3451724,12185,1
3/13/2022,THE MUSIC MAN 2022,Musical,Winter Garden,3182718,11872,0.97
2/27/2022,THE MUSIC MAN 2022,Musical,Winter Garden,3403638,12013,0.98
3/6/2022,THE MUSIC MAN 2022,Musical,Winter Garden,3226508,11694,0.96
2/6/2022,THE MUSIC MAN 2022,Musical,Winter Garden,2786167,11294,0.93
2/13/2022,THE MUSIC MAN 2022,Musical,Winter Garden,2850823,11760,0.96
2/20/2022,THE MUSIC MAN 2022,Musical,Winter Garden,3179871,11999,0.98
1/9/2022,THE MUSIC MAN 2022,Musical,Winter Garden,1724639,6095,0.8
1/16/2022,THE MUSIC MAN 2022,Musical,Winter Garden,2620464,9783,0.8
1/23/2022,THE MUSIC MAN 2022,Musical,Winter Garden,2580976,10036,0.82
1/30/2022,THE MUSIC MAN 2022,Musical,Winter Garden,2493132,9940,0.81
1/2/2022,THE MUSIC MAN 2022,Musical,Winter Garden,417166,1503,0.99
3/27/2022,THE MUSIC MAN 2022,Musical,Winter Garden,3292951,12092,0.99
4/3/2022,THE MUSIC MAN 2022,Musical,Winter Garden,3335201,12133,0.99
4/10/2022,THE MUSIC MAN 2022,Musical,Winter Garden,3324371,12108,0.99
4/17/2022,THE MUSIC MAN 2022,Musical,Winter Garden,3328253,12126,0.99
4/24/2022,THE MUSIC MAN 2022,Musical,Winter Garden,3464388,12177,1
5/1/2022,THE MUSIC MAN 2022,Musical,Winter Garden,3314671,11955,0.98
5/8/2022,THE MUSIC MAN 2022,Musical,Winter Garden,3431657,12151,1
5/15/2022,THE MUSIC MAN 2022,Musical,Winter Garden,3377554,12268,1.01
5/22/2022,THE MUSIC MAN 2022,Musical,Winter Garden,3487855,12316,1.01
5/29/2022,THE MUSIC MAN 2022,Musical,Winter Garden,3287294,12241,1
6/5/2022,THE MUSIC MAN 2022,Musical,Winter Garden,3274286,12191,1
6/12/2022,THE MUSIC MAN 2022,Musical,Winter Garden,3411385,12267,1.01
6/19/2022,THE MUSIC MAN 2022,Musical,Winter Garden,1780050,8637,0.71
6/26/2022,THE MUSIC MAN 2022,Musical,Winter Garden,3234018,11990,0.98
7/3/2022,THE MUSIC MAN 2022,Musical,Winter Garden,3067547,11946,0.98
7/10/2022,THE MUSIC MAN 2022,Musical,Winter Garden,2962599,11696,0.96
7/17/2022,THE MUSIC MAN 2022,Musical,Winter Garden,3062733,12151,1
7/24/2022,THE MUSIC MAN 2022,Musical,Winter Garden,3016700,12151,1
7/31/2022,THE MUSIC MAN 2022,Musical,Winter Garden,2940192,12018,0.99
8/7/2022,THE MUSIC MAN 2022,Musical,Winter Garden,2825166,11585,0.95
8/14/2022,THE MUSIC MAN 2022,Musical,Winter Garden,2784927,11515,0.94
8/28/2022,THE MUSIC MAN 2022,Musical,Winter Garden,2716507,11410,0.94
9/4/2022,THE MUSIC MAN 2022,Musical,Winter Garden,2863653,11594,0.95
9/18/2022,THE MUSIC MAN 2022,Musical,Winter Garden,2954063,11868,0.97
9/25/2022,THE MUSIC MAN 2022,Musical,Winter Garden,2804085,11778,0.97
10/2/2022,THE MUSIC MAN 2022,Musical,Winter Garden,2734858,11602,0.95
10/9/2022,THE MUSIC MAN 2022,Musical,Winter Garden,3099708,12133,0.99
10/16/2022,THE MUSIC MAN 2022,Musical,Winter Garden,2925463,12157,1
10/23/2022,THE MUSIC MAN 2022,Musical,Winter Garden,3028591,12152,1
10/30/2022,THE MUSIC MAN 2022,Musical,Winter Garden,2716237,11755,0.96
11/6/2022,THE MUSIC MAN 2022,Musical,Winter Garden,2899405,11628,0.95
11/13/2022,THE MUSIC MAN 2022,Musical,Winter Garden,2926395,11973,0.98
11/20/2022,THE MUSIC MAN 2022,Musical,Winter Garden,2508603,10836,0.89
11/27/2022,THE MUSIC MAN 2022,Musical,Winter Garden,2865543,10939,0.9
12/4/2022,THE MUSIC MAN 2022,Musical,Winter Garden,3030899,11956,0.98
12/11/2022,THE MUSIC MAN 2022,Musical,Winter Garden,3389857,12283,1.01
12/18/2022,THE MUSIC MAN 2022,Musical,Winter Garden,3249366,12125,0.99
12/25/2022,THE MUSIC MAN 2022,Musical,Winter Garden,2617660,10316,0.97
3/20/2022,THE PHANTOM OF THE OPERA,Musical,Majestic,959191,10019,0.78
3/13/2022,THE PHANTOM OF THE OPERA,Musical,Majestic,723163,7786,0.61
2/27/2022,THE PHANTOM OF THE OPERA,Musical,Majestic,865693,10446,0.81
3/6/2022,THE PHANTOM OF THE OPERA,Musical,Majestic,670302,6999,0.55
2/6/2022,THE PHANTOM OF THE OPERA,Musical,Majestic,506933,6711,0.52
2/13/2022,THE PHANTOM OF THE OPERA,Musical,Majestic,705895,8878,0.69
2/20/2022,THE PHANTOM OF THE OPERA,Musical,Majestic,853429,9508,0.74
1/9/2022,THE PHANTOM OF THE OPERA,Musical,Majestic,654120,6898,0.54
1/16/2022,THE PHANTOM OF THE OPERA,Musical,Majestic,543010,5739,0.45
1/23/2022,THE PHANTOM OF THE OPERA,Musical,Majestic,496169,6125,0.48
1/30/2022,THE PHANTOM OF THE OPERA,Musical,Majestic,417971,5880,0.46
1/2/2022,THE PHANTOM OF THE OPERA,Musical,Majestic,1417577,10670,0.83
3/27/2022,THE PHANTOM OF THE OPERA,Musical,Majestic,841426,8966,0.7
4/3/2022,THE PHANTOM OF THE OPERA,Musical,Majestic,738574,8027,0.63
4/10/2022,THE PHANTOM OF THE OPERA,Musical,Majestic,830866,8707,0.68
4/17/2022,THE PHANTOM OF THE OPERA,Musical,Majestic,1073263,10009,0.78
4/24/2022,THE PHANTOM OF THE OPERA,Musical,Majestic,850940,8350,0.65
5/1/2022,THE PHANTOM OF THE OPERA,Musical,Majestic,625180,6668,0.52
5/8/2022,THE PHANTOM OF THE OPERA,Musical,Majestic,742308,7847,0.61
5/15/2022,THE PHANTOM OF THE OPERA,Musical,Majestic,728082,7704,0.6
5/22/2022,THE PHANTOM OF THE OPERA,Musical,Majestic,892439,9199,0.72
5/29/2022,THE PHANTOM OF THE OPERA,Musical,Majestic,976104,10049,0.78
6/5/2022,THE PHANTOM OF THE OPERA,Musical,Majestic,880655,9232,0.72
6/12/2022,THE PHANTOM OF THE OPERA,Musical,Majestic,965650,10363,0.81
6/19/2022,THE PHANTOM OF THE OPERA,Musical,Majestic,986380,10442,0.81
6/26/2022,THE PHANTOM OF THE OPERA,Musical,Majestic,958071,10178,0.79
7/3/2022,THE PHANTOM OF THE OPERA,Musical,Majestic,1037960,10989,0.86
7/10/2022,THE PHANTOM OF THE OPERA,Musical,Majestic,868468,9541,0.74
7/17/2022,THE PHANTOM OF THE OPERA,Musical,Majestic,925765,9976,0.78
7/24/2022,THE PHANTOM OF THE OPERA,Musical,Majestic,1012431,10678,0.83
7/31/2022,THE PHANTOM OF THE OPERA,Musical,Majestic,1008620,10853,0.85
8/7/2022,THE PHANTOM OF THE OPERA,Musical,Majestic,1008828,10850,0.85
8/14/2022,THE PHANTOM OF THE OPERA,Musical,Majestic,990093,10720,0.83
8/21/2022,THE PHANTOM OF THE OPERA,Musical,Majestic,916431,9992,0.78
8/28/2022,THE PHANTOM OF THE OPERA,Musical,Majestic,851566,9271,0.72
9/4/2022,THE PHANTOM OF THE OPERA,Musical,Majestic,915981,9887,0.77
9/11/2022,THE PHANTOM OF THE OPERA,Musical,Majestic,867997,10440,0.81
9/18/2022,THE PHANTOM OF THE OPERA,Musical,Majestic,964172,11465,0.89
9/25/2022,THE PHANTOM OF THE OPERA,Musical,Majestic,1205364,12920,1.01
10/2/2022,THE PHANTOM OF THE OPERA,Musical,Majestic,1331024,12609,0.98
10/9/2022,THE PHANTOM OF THE OPERA,Musical,Majestic,1541856,12958,1.01
10/16/2022,THE PHANTOM OF THE OPERA,Musical,Majestic,1603263,12951,1.01
10/23/2022,THE PHANTOM OF THE OPERA,Musical,Majestic,1622813,13003,1.01
10/30/2022,THE PHANTOM OF THE OPERA,Musical,Majestic,1602986,12906,1.01
11/6/2022,THE PHANTOM OF THE OPERA,Musical,Majestic,1643240,12930,1.01
11/13/2022,THE PHANTOM OF THE OPERA,Musical,Majestic,1697853,12985,1.01
11/20/2022,THE PHANTOM OF THE OPERA,Musical,Majestic,1784650,13014,1.01
11/27/2022,THE PHANTOM OF THE OPERA,Musical,Majestic,2241317,13027,1.01
12/4/2022,THE PHANTOM OF THE OPERA,Musical,Majestic,1966059,12980,1.01
12/11/2022,THE PHANTOM OF THE OPERA,Musical,Majestic,2020245,12991,1.01
12/18/2022,THE PHANTOM OF THE OPERA,Musical,Majestic,2039745,13021,1.01
12/25/2022,THE PHANTOM OF THE OPERA,Musical,Majestic,1921572,11397,1.01
9/25/2022,THE PIANO LESSON 2022,Play,Ethel Barrymore,795306,5920,0.81
10/2/2022,THE PIANO LESSON 2022,Play,Ethel Barrymore,704051,5872,0.7
10/9/2022,THE PIANO LESSON 2022,Play,Ethel Barrymore,743262,6672,0.8
10/16/2022,THE PIANO LESSON 2022,Play,Ethel Barrymore,697282,7458,0.89
10/23/2022,THE PIANO LESSON 2022,Play,Ethel Barrymore,915116,6938,0.83
10/30/2022,THE PIANO LESSON 2022,Play,Ethel Barrymore,918748,7121,0.85
11/6/2022,THE PIANO LESSON 2022,Play,Ethel Barrymore,891950,7287,0.87
11/13/2022,THE PIANO LESSON 2022,Play,Ethel Barrymore,985286,7690,0.92
11/20/2022,THE PIANO LESSON 2022,Play,Ethel Barrymore,961068,7484,0.9
11/27/2022,THE PIANO LESSON 2022,Play,Ethel Barrymore,832166,6592,0.79
12/4/2022,THE PIANO LESSON 2022,Play,Ethel Barrymore,900020,7024,0.84
12/11/2022,THE PIANO LESSON 2022,Play,Ethel Barrymore,938103,7436,0.89
12/18/2022,THE PIANO LESSON 2022,Play,Ethel Barrymore,914752,7251,0.87
12/25/2022,THE PIANO LESSON 2022,Play,Ethel Barrymore,639201,5393,0.74
4/3/2022,THE SKIN OF OUR TEETH 2022,Play,Vivian Beaumont,59908,1456,0.46
4/10/2022,THE SKIN OF OUR TEETH 2022,Play,Vivian Beaumont,158782,4032,0.54
4/17/2022,THE SKIN OF OUR TEETH 2022,Play,Vivian Beaumont,138610,3842,0.45
4/24/2022,THE SKIN OF OUR TEETH 2022,Play,Vivian Beaumont,174880,4656,0.55
5/1/2022,THE SKIN OF OUR TEETH 2022,Play,Vivian Beaumont,141111,4004,0.47
5/8/2022,THE SKIN OF OUR TEETH 2022,Play,Vivian Beaumont,174481,3304,0.39
5/15/2022,THE SKIN OF OUR TEETH 2022,Play,Vivian Beaumont,115745,2371,0.45
5/22/2022,THE SKIN OF OUR TEETH 2022,Play,Vivian Beaumont,164479,2768,0.44
5/29/2022,THE SKIN OF OUR TEETH 2022,Play,Vivian Beaumont,289682,5626,0.66
3/20/2022,TINA - THE TINA TURNER MUSICAL,Musical,Lunt-Fontanne,778222,6471,0.55
3/13/2022,TINA - THE TINA TURNER MUSICAL,Musical,Lunt-Fontanne,657368,5759,0.49
2/27/2022,TINA - THE TINA TURNER MUSICAL,Musical,Lunt-Fontanne,874555,8528,0.72
3/6/2022,TINA - THE TINA TURNER MUSICAL,Musical,Lunt-Fontanne,609094,5200,0.44
2/6/2022,TINA - THE TINA TURNER MUSICAL,Musical,Lunt-Fontanne,559576,5654,0.48
2/13/2022,TINA - THE TINA TURNER MUSICAL,Musical,Lunt-Fontanne,766141,7538,0.64
2/20/2022,TINA - THE TINA TURNER MUSICAL,Musical,Lunt-Fontanne,729516,6698,0.57
1/9/2022,TINA - THE TINA TURNER MUSICAL,Musical,Lunt-Fontanne,380423,3064,0.26
1/16/2022,TINA - THE TINA TURNER MUSICAL,Musical,Lunt-Fontanne,427871,3481,0.29
1/23/2022,TINA - THE TINA TURNER MUSICAL,Musical,Lunt-Fontanne,406436,4119,0.35
1/30/2022,TINA - THE TINA TURNER MUSICAL,Musical,Lunt-Fontanne,427058,4448,0.38
1/2/2022,TINA - THE TINA TURNER MUSICAL,Musical,Lunt-Fontanne,720171,4341,0.37
3/27/2022,TINA - THE TINA TURNER MUSICAL,Musical,Lunt-Fontanne,812681,6890,0.58
4/3/2022,TINA - THE TINA TURNER MUSICAL,Musical,Lunt-Fontanne,751186,6138,0.52
4/10/2022,TINA - THE TINA TURNER MUSICAL,Musical,Lunt-Fontanne,858473,6868,0.58
4/17/2022,TINA - THE TINA TURNER MUSICAL,Musical,Lunt-Fontanne,826821,7164,0.61
4/24/2022,TINA - THE TINA TURNER MUSICAL,Musical,Lunt-Fontanne,969832,8128,0.69
5/1/2022,TINA - THE TINA TURNER MUSICAL,Musical,Lunt-Fontanne,872346,7024,0.59
5/8/2022,TINA - THE TINA TURNER MUSICAL,Musical,Lunt-Fontanne,1065578,8694,0.74
5/15/2022,TINA - THE TINA TURNER MUSICAL,Musical,Lunt-Fontanne,1015122,8626,0.73
5/22/2022,TINA - THE TINA TURNER MUSICAL,Musical,Lunt-Fontanne,1013156,8447,0.71
5/29/2022,TINA - THE TINA TURNER MUSICAL,Musical,Lunt-Fontanne,909006,7756,0.66
6/5/2022,TINA - THE TINA TURNER MUSICAL,Musical,Lunt-Fontanne,747931,6345,0.54
6/12/2022,TINA - THE TINA TURNER MUSICAL,Musical,Lunt-Fontanne,931804,7857,0.66
6/19/2022,TINA - THE TINA TURNER MUSICAL,Musical,Lunt-Fontanne,771541,7142,0.6
6/26/2022,TINA - THE TINA TURNER MUSICAL,Musical,Lunt-Fontanne,842973,8179,0.69
7/3/2022,TINA - THE TINA TURNER MUSICAL,Musical,Lunt-Fontanne,716065,7774,0.66
7/10/2022,TINA - THE TINA TURNER MUSICAL,Musical,Lunt-Fontanne,738503,7359,0.62
7/17/2022,TINA - THE TINA TURNER MUSICAL,Musical,Lunt-Fontanne,829952,8228,0.7
7/24/2022,TINA - THE TINA TURNER MUSICAL,Musical,Lunt-Fontanne,909815,8960,0.76
7/31/2022,TINA - THE TINA TURNER MUSICAL,Musical,Lunt-Fontanne,943222,9527,0.81
8/7/2022,TINA - THE TINA TURNER MUSICAL,Musical,Lunt-Fontanne,1044595,10070,0.85
8/14/2022,TINA - THE TINA TURNER MUSICAL,Musical,Lunt-Fontanne,1334842,11779,1
1/9/2022,TO KILL A MOCKINGBIRD,Play,Shubert,362366,4462,0.44
1/16/2022,TO KILL A MOCKINGBIRD,Play,Shubert,465524,5491,0.48
1/2/2022,TO KILL A MOCKINGBIRD,Play,Shubert,1563314,10064,0.88
10/2/2022,TOPDOG / UNDERDOG 2022,Play,Golden,228761,4704,0.73
10/9/2022,TOPDOG / UNDERDOG 2022,Play,Golden,218779,4644,0.72
10/16/2022,TOPDOG / UNDERDOG 2022,Play,Golden,220016,5503,0.86
10/23/2022,TOPDOG / UNDERDOG 2022,Play,Golden,238058,4614,0.72
10/30/2022,TOPDOG / UNDERDOG 2022,Play,Golden,277846,4394,0.68
11/6/2022,TOPDOG / UNDERDOG 2022,Play,Golden,260677,3439,0.54
11/13/2022,TOPDOG / UNDERDOG 2022,Play,Golden,306899,3994,0.62
11/20/2022,TOPDOG / UNDERDOG 2022,Play,Golden,265167,3388,0.53
11/27/2022,TOPDOG / UNDERDOG 2022,Play,Golden,216121,2814,0.44
12/4/2022,TOPDOG / UNDERDOG 2022,Play,Golden,301270,3637,0.57
12/11/2022,TOPDOG / UNDERDOG 2022,Play,Golden,264965,3355,0.52
12/18/2022,TOPDOG / UNDERDOG 2022,Play,Golden,257217,3307,0.52
12/25/2022,TOPDOG / UNDERDOG 2022,Play,Golden,200630,2642,0.41
1/9/2022,TROUBLE IN MIND,Play,American Airlines,273092,3709,0.64
1/2/2022,TROUBLE IN MIND,Play,American Airlines,104423,2896,0.57
10/23/2022,WALKING WITH GHOSTS,Play,Music Box,146402,3078,0.63
10/30/2022,WALKING WITH GHOSTS,Play,Music Box,176996,4211,0.62
11/6/2022,WALKING WITH GHOSTS,Play,Music Box,168378,3169,0.46
11/13/2022,WALKING WITH GHOSTS,Play,Music Box,195216,3254,0.48
11/20/2022,WALKING WITH GHOSTS,Play,Music Box,262122,4170,0.61
3/20/2022,WICKED,Musical,Gershwin,1944704,14901,1
3/13/2022,WICKED,Musical,Gershwin,1504749,13495,0.93
2/27/2022,WICKED,Musical,Gershwin,1586470,13618,0.94
3/6/2022,WICKED,Musical,Gershwin,1132287,10578,0.84
2/6/2022,WICKED,Musical,Gershwin,1136320,11387,0.9
2/13/2022,WICKED,Musical,Gershwin,1272705,12397,0.98
2/20/2022,WICKED,Musical,Gershwin,1498822,12339,0.98
1/9/2022,WICKED,Musical,Gershwin,1123096,9820,0.68
1/16/2022,WICKED,Musical,Gershwin,1088026,9726,0.67
1/23/2022,WICKED,Musical,Gershwin,1030381,10423,0.82
1/30/2022,WICKED,Musical,Gershwin,910557,9704,0.77
1/2/2022,WICKED,Musical,Gershwin,2780165,16697,0.96
3/27/2022,WICKED,Musical,Gershwin,1855219,14640,0.98
4/3/2022,WICKED,Musical,Gershwin,1739736,13949,0.96
4/10/2022,WICKED,Musical,Gershwin,1866191,14230,0.98
4/17/2022,WICKED,Musical,Gershwin,2314088,15948,0.98
4/24/2022,WICKED,Musical,Gershwin,1908644,13958,0.97
5/1/2022,WICKED,Musical,Gershwin,1196763,10609,0.73
5/8/2022,WICKED,Musical,Gershwin,1341127,11264,0.78
5/15/2022,WICKED,Musical,Gershwin,1361373,11040,0.76
5/22/2022,WICKED,Musical,Gershwin,1572052,12754,0.88
5/29/2022,WICKED,Musical,Gershwin,1780207,13662,0.95
6/5/2022,WICKED,Musical,Gershwin,1691594,13476,0.93
6/12/2022,WICKED,Musical,Gershwin,1861096,14273,0.99
6/19/2022,WICKED,Musical,Gershwin,1894999,14532,0.97
6/26/2022,WICKED,Musical,Gershwin,1968156,14702,0.98
7/3/2022,WICKED,Musical,Gershwin,1826026,13924,0.96
7/10/2022,WICKED,Musical,Gershwin,1595480,12280,0.85
7/17/2022,WICKED,Musical,Gershwin,1767432,13379,0.93
7/24/2022,WICKED,Musical,Gershwin,1846484,13867,0.96
7/31/2022,WICKED,Musical,Gershwin,1936020,14649,0.9
8/7/2022,WICKED,Musical,Gershwin,1705618,13049,0.9
8/14/2022,WICKED,Musical,Gershwin,1562630,12192,0.84
8/21/2022,WICKED,Musical,Gershwin,1590189,12694,0.88
8/28/2022,WICKED,Musical,Gershwin,1353948,11690,0.81
9/4/2022,WICKED,Musical,Gershwin,1534385,12626,0.87
9/11/2022,WICKED,Musical,Gershwin,1360100,13119,0.91
9/18/2022,WICKED,Musical,Gershwin,1414988,13349,0.92
9/25/2022,WICKED,Musical,Gershwin,1496981,14083,0.97
10/2/2022,WICKED,Musical,Gershwin,1328656,12124,0.84
10/9/2022,WICKED,Musical,Gershwin,1839357,14276,0.99
10/16/2022,WICKED,Musical,Gershwin,1726236,14504,0.97
10/23/2022,WICKED,Musical,Gershwin,1610381,13711,0.95
10/30/2022,WICKED,Musical,Gershwin,1346056,12330,0.85
11/6/2022,WICKED,Musical,Gershwin,1413132,12734,0.88
11/13/2022,WICKED,Musical,Gershwin,1704565,14094,0.97
11/20/2022,WICKED,Musical,Gershwin,1619326,13363,0.92
11/27/2022,WICKED,Musical,Gershwin,2320543,14744,0.99
12/4/2022,WICKED,Musical,Gershwin,1824793,13823,0.96
12/11/2022,WICKED,Musical,Gershwin,2083245,15237,0.99
12/18/2022,WICKED,Musical,Gershwin,2159025,15265,0.99
12/25/2022,WICKED,Musical,Gershwin,2362930,15120,0.98
